user_id	track_id	track_name	artist_id	artist_name	playcount	normalised_pc	like
user_000003	217f9031-7fec-4682-8d11-54107c5dca38	Paper Planes	7cf0ea9d-86b9-4dad-ba9e-2355a64899ea	M.I.A.	47	0.006056701030927835	1
user_000003	0a6e234d-0c9d-41e0-bce7-5c0ca09befbd	Revolution 909	056e4f3e-d505-4dad-8ec1-d04f521cbb56	Daft Punk	42	0.0054123711340206175	1
user_000003	162d8cc7-6e1c-41ba-b993-d5fb5bb974ae	Da Funk	056e4f3e-d505-4dad-8ec1-d04f521cbb56	Daft Punk	42	0.0054123711340206175	1
user_000003	a08473a1-e622-49cc-bb97-65f813429025	Alive	056e4f3e-d505-4dad-8ec1-d04f521cbb56	Daft Punk	40	0.005154639175257732	1
user_000003	87745e52-4e52-4007-86d8-f965b27f17f6	Fancy Footwork	647221d0-f6b1-4e03-924c-c59b8059536f	Chromeo	39	0.005025773195876289	1
user_000003	738920d3-c6e6-41c7-b504-57761bb625fd	Sexy Boy	cb67438a-7f50-4f2b-a6f1-2bb2729fd538	Air	36	0.00463917525773196	1
user_000003	c64d2148-bffa-40a0-854b-5d03875d71bf	I Like The Way	846cdb90-81a6-4c05-a7dc-9dd075f0db9e	Unwritten Law	36	0.00463917525773196	1
user_000003	63bc0e50-ccb7-48ee-bf0b-8bc29f745c88	Soul Kitchen	9efff43b-3b29-4082-824e-bc82f646f93d	The Doors	36	0.00463917525773196	1
user_000003	ee30ba36-77d3-4c93-9c51-3d9a779277fd	Lynguistics	69c4cc43-8163-41c5-ac81-30946d27bb69	Cunninlynguists	35	0.004510309278350515	1
user_000003	1285a717-b387-4353-91d4-3ea357dfc9c5	Indo Silver Club	056e4f3e-d505-4dad-8ec1-d04f521cbb56	Daft Punk	35	0.004510309278350515	1
user_000003	cfbdfcde-8c57-4cdb-9278-2913272088c8	Something About Us	056e4f3e-d505-4dad-8ec1-d04f521cbb56	Daft Punk	35	0.004510309278350515	1
user_000003	95d15dc9-9bd8-4273-8140-6cc4f94ba2c7	Pogo	7b52603c-a84c-4a76-8dc8-899bb4dd9fa7	Digitalism	35	0.004510309278350515	1
user_000003	6faa2775-ab18-40a4-8aec-299f0a683dfc	Up All Night	846cdb90-81a6-4c05-a7dc-9dd075f0db9e	Unwritten Law	35	0.004510309278350515	1
user_000003	fbc89f96-f453-41c0-aa23-aff8effef7a0	How You Feel	846cdb90-81a6-4c05-a7dc-9dd075f0db9e	Unwritten Law	34	0.004381443298969072	1
user_000003	7a933538-2fb2-4d43-9fac-030840935409	Light My Fire	9efff43b-3b29-4082-824e-bc82f646f93d	The Doors	34	0.004381443298969072	1
user_000003	5e3750d1-2d0e-4f92-b96b-326464716211	You Are The One	ad61e25e-5516-41e1-b60d-744e8220986e	Shiny Toy Guns	33	0.0042525773195876285	1
user_000003	bdc846e7-6c26-4193-82a6-8d1b5a4d3429	Smoke Two Joints	95f5b748-d370-47fe-85bd-0af2dc450bc0	Sublime	33	0.0042525773195876285	1
user_000003	9dacd709-6ef1-498c-a374-bd0f16fc08eb	Blame It On Me	846cdb90-81a6-4c05-a7dc-9dd075f0db9e	Unwritten Law	32	0.004123711340206186	1
user_000003	f820fa08-cc3f-44db-9879-4bb8fe99c8c9	Celebration Song	846cdb90-81a6-4c05-a7dc-9dd075f0db9e	Unwritten Law	32	0.004123711340206186	1
user_000003	eaaa4fc1-b999-4ed0-96e9-0db87ee79ea0	Get Up	846cdb90-81a6-4c05-a7dc-9dd075f0db9e	Unwritten Law	32	0.004123711340206186	1
user_000003	09ba251d-0de9-4a75-92d0-6bcd5dea306d	She Says	846cdb90-81a6-4c05-a7dc-9dd075f0db9e	Unwritten Law	31	0.003994845360824742	1
user_000003	ed3189b7-a35b-4a4c-b987-3686171416f3	Waiting To Die	5879a47f-c54f-4ebe-8d63-cdc9c6310dd2	Mickey Avalon	31	0.003994845360824742	1
user_000003	7813d6e5-fe21-4cd0-8f8b-82b7c15662ae	Around The World	056e4f3e-d505-4dad-8ec1-d04f521cbb56	Daft Punk	31	0.003994845360824742	1
user_000003	d317bf3b-ddf2-4403-ac36-6410633d64fe	Helsinki Scorchin	d644ba8a-ed79-4ec0-8afa-238a8f254140	Super8 & Tab	31	0.003994845360824742	1
user_000003	885d69ff-a341-4382-ade5-8148d5dda55a	Prayer In Passing	40ee8fa3-c6d7-4556-b4e2-9f4114565043	Anoushka Shankar	31	0.003994845360824742	1
user_000003	338c522b-b65b-482f-acec-a073dfe16f21	Santeria	95f5b748-d370-47fe-85bd-0af2dc450bc0	Sublime	31	0.003994845360824742	1
user_000003	490d073e-c09e-46c7-86a8-fdf677c2a1ff	Kill Caustic	1c3919b2-43ca-4a4a-935d-9d50135ec0ef	Afi	31	0.003994845360824742	1
user_000003	ff5b93a6-fad3-4413-a33b-e1a0f7280b06	Actress, Model...	846cdb90-81a6-4c05-a7dc-9dd075f0db9e	Unwritten Law	31	0.003994845360824742	1
user_000003	a63cd160-c833-413d-88ad-ed6de0c131ef	Naked	40ee8fa3-c6d7-4556-b4e2-9f4114565043	Anoushka Shankar	31	0.003994845360824742	1
user_000003	36e12118-5847-4e85-8fec-95c0fc90f34a	Hustler Hall Of Fame	5879a47f-c54f-4ebe-8d63-cdc9c6310dd2	Mickey Avalon	30	0.003865979381443299	1
user_000003	1d3def75-dd17-42cb-8ab9-994484159463	Sinister Grains	40ee8fa3-c6d7-4556-b4e2-9f4114565043	Anoushka Shankar	30	0.003865979381443299	1
user_000003	32792396-ca3c-44f5-9215-222bd2438845	Elva	846cdb90-81a6-4c05-a7dc-9dd075f0db9e	Unwritten Law	30	0.003865979381443299	1
user_000003	b0d57b8f-b21e-4c6e-bd3b-74c898eeb959	Beloved	40ee8fa3-c6d7-4556-b4e2-9f4114565043	Anoushka Shankar	30	0.003865979381443299	1
user_000003	68a5c795-61ed-44aa-b5a2-265c3062dfa6	Nice (Eric Prydz Remix)	1a1cd7f3-e5df-4eca-bae2-2757c9e656b5	Duran Duran	29	0.0037371134020618563	1
user_000003	2701dd18-9ecc-45ff-ac26-9035add38b0d	Twentieth Century Fox	9efff43b-3b29-4082-824e-bc82f646f93d	The Doors	29	0.0037371134020618563	1
user_000003	ea9dceea-11a1-4625-b9bc-c22b9f497c34	I'M Slowly Turning Into You	11ae9fbb-f3d7-4a47-936f-4c0a04d3b3b5	The White Stripes	29	0.0037371134020618563	1
user_000003	870d4b76-00fc-4b8a-befa-52a689c15f5b	Before I Go	846cdb90-81a6-4c05-a7dc-9dd075f0db9e	Unwritten Law	29	0.0037371134020618563	1
user_000003	2d45c867-9d34-491a-997f-c087ceff4f66	Seventeen (The Droyds Mix)	b45335d1-5219-4262-a44d-936aa36eeaed	Ladytron	29	0.0037371134020618563	1
user_000003	70e461ab-9e9d-451d-8179-f9f7d5ae25d7	Little Bit More, A	0ad7bbcd-6e77-4dc0-bb61-e331c46f70ec	The Good Life	28	0.0036082474226804134	1
user_000003	2909837c-5320-4aef-a71f-3e673f72377f	Prelude 12/21	1c3919b2-43ca-4a4a-935d-9d50135ec0ef	Afi	28	0.0036082474226804134	1
user_000003	6b73cf38-cac0-4e08-839b-99e07ec9ee69	Ancient Love	40ee8fa3-c6d7-4556-b4e2-9f4114565043	Anoushka Shankar	28	0.0036082474226804134	1
user_000003	8fa6e472-648e-4e94-96b2-4256ecdbe9d6	Dipped In Vaseline	5879a47f-c54f-4ebe-8d63-cdc9c6310dd2	Mickey Avalon	28	0.0036082474226804134	1
user_000003	a5644f2a-b021-4c7a-85aa-1a1696333475	Every Planet We Reach Is Dead	e21857d5-3256-4547-afb3-4b6ded592596	Gorillaz	28	0.0036082474226804134	1
user_000003	042be101-4552-4d75-89cd-2ccba0157957	Cailin	846cdb90-81a6-4c05-a7dc-9dd075f0db9e	Unwritten Law	28	0.0036082474226804134	1
user_000003	0e744e3a-4fe4-4172-a2e2-f8de9e7bf3a8	L.A. Woman	9efff43b-3b29-4082-824e-bc82f646f93d	The Doors	27	0.0034793814432989693	1
user_000003	12949b8c-f08a-4939-8641-2af067b92db5	Summer Shudder	1c3919b2-43ca-4a4a-935d-9d50135ec0ef	Afi	27	0.0034793814432989693	1
user_000003	e2009e1d-b585-44be-8f9c-77c7d68f6daf	Solea	40ee8fa3-c6d7-4556-b4e2-9f4114565043	Anoushka Shankar	27	0.0034793814432989693	1
user_000003	977dace2-e5ba-48f4-890f-96bb64f18f19	Badfish	95f5b748-d370-47fe-85bd-0af2dc450bc0	Sublime	27	0.0034793814432989693	1
user_000003	cb004cb3-713d-43e5-ad56-6b84ee5653fa	Lost Control	846cdb90-81a6-4c05-a7dc-9dd075f0db9e	Unwritten Law	27	0.0034793814432989693	1
user_000003	8fc26a31-0443-479c-ad06-8022c5ca01ed	Because Of You	846cdb90-81a6-4c05-a7dc-9dd075f0db9e	Unwritten Law	27	0.0034793814432989693	1
user_000003	020faa36-83e4-4257-9301-c19b71c7ead2	Bhupali Tabla Duet	40ee8fa3-c6d7-4556-b4e2-9f4114565043	Anoushka Shankar	27	0.0034793814432989693	1
user_000003	16b91bac-154e-4b26-8fc8-3fc5cef66826	My Dick	5879a47f-c54f-4ebe-8d63-cdc9c6310dd2	Mickey Avalon	26	0.0033505154639175256	1
user_000003	96734374-9968-40e2-ae97-a7632793dd82	Riders On The Storm	9efff43b-3b29-4082-824e-bc82f646f93d	The Doors	26	0.0033505154639175256	1
user_000003	dcb35b98-29de-471f-8ec8-31baa2fde997	Arcadia	7fedce48-0f20-442d-80fe-324c61339fc3	Gabriel & Dresden	26	0.0033505154639175256	1
user_000003	c06017bf-6a0a-4410-8d6f-e1c9b2e273ef	Streamline	d68e86ea-6b9e-4cd7-a576-c20b1594e532	Slide 5	26	0.0033505154639175256	1
user_000003	74bceaa5-dabd-4b2d-b850-c8ec2b1dcd18	93 'Till Infinity	7b61cf8f-c042-4bd4-b64a-25cb40f3dd50	Souls Of Mischief	25	0.0032216494845360823	1
user_000003	9ca385f4-4082-494a-974a-b1a8aa997838	Fresh	056e4f3e-d505-4dad-8ec1-d04f521cbb56	Daft Punk	25	0.0032216494845360823	1
user_000003	56f2af2d-7983-4d8f-9c75-200a3589aa59	Waiting (Josh Harris Remix)	07efa8cb-2da8-4d40-9676-c2e5929e517d	Taxi Doll	25	0.0032216494845360823	1
user_000003	0d43ad2b-2d50-4e8a-810f-89785ffa2dd8	Electric Shaka (Feat. Afrika Bambataaa)	8579d918-835b-4c1d-ac00-45a7f4a8763a	Thunderball	25	0.0032216494845360823	1
user_000003	87b2d77e-ed32-4c10-88da-2d5d86fa5a4b	Space And The Woods	e3e4e534-30cd-4979-bcc5-a75c49802f57	Late Of The Pier	25	0.0032216494845360823	1
user_000003	e9aeb816-c606-4327-b8f1-21f9a695342d	Sounds Rushing	30f91c72-d457-4c74-b14f-3ef8bf1e17a3	Dominic Plaza	25	0.0032216494845360823	1
user_000003	9eb2e378-1d9c-43c7-b108-8003f9756c7f	Love Her Madly	9efff43b-3b29-4082-824e-bc82f646f93d	The Doors	25	0.0032216494845360823	1
user_000003	f283c29a-82ca-45ba-9fea-201e9a5c765a	Woe	ee90d1b3-a4e2-4d18-9092-111d856e7e7a	Say Anything	25	0.0032216494845360823	1
user_000003	3707ab0d-ff31-46a2-9056-d094bae44c3e	Teachers	056e4f3e-d505-4dad-8ec1-d04f521cbb56	Daft Punk	24	0.003092783505154639	1
user_000003	7c0e11a3-1c7a-4e6d-a14d-6e86d86dbaad	Aerodynamic	056e4f3e-d505-4dad-8ec1-d04f521cbb56	Daft Punk	24	0.003092783505154639	1
user_000003	702152b2-c02d-47a5-9b8d-48752a590dcc	Miss Murder	1c3919b2-43ca-4a4a-935d-9d50135ec0ef	Afi	24	0.003092783505154639	1
user_000003	141bbc85-10d5-4e49-b5b4-d3139a2d824a	Caress Me Down	95f5b748-d370-47fe-85bd-0af2dc450bc0	Sublime	23	0.002963917525773196	1
user_000003	c6c9958f-72a1-4a10-8d09-888fdab25fac	The Interview	1c3919b2-43ca-4a4a-935d-9d50135ec0ef	Afi	23	0.002963917525773196	1
user_000003	27b481a7-0d7d-45ee-a8ff-d03a778e40ea	Phoenix	056e4f3e-d505-4dad-8ec1-d04f521cbb56	Daft Punk	23	0.002963917525773196	1
user_000003	3235bd73-4d84-49db-9634-7512b1f29fea	Wildcat	f467181e-d5e0-4285-b47e-e853dcc89ee7	Ratatat	22	0.0028350515463917525	1
user_000003	f883f554-30f0-49bd-8c67-35f99f203a9f	Rollin' & Scratchin'	056e4f3e-d505-4dad-8ec1-d04f521cbb56	Daft Punk	22	0.0028350515463917525	1
user_000003	dead9133-91cd-4eee-b868-0a5b7e1d11e5	Your Eyes (Sitar Solo)	40ee8fa3-c6d7-4556-b4e2-9f4114565043	Anoushka Shankar	22	0.0028350515463917525	1
user_000003	0a18933a-44d0-4af7-a836-735c0720f037	Back Door Man	9efff43b-3b29-4082-824e-bc82f646f93d	The Doors	22	0.0028350515463917525	1
user_000003	ce517f42-4f50-4752-9ae3-22aa6ae604ba	Geronimo	846cdb90-81a6-4c05-a7dc-9dd075f0db9e	Unwritten Law	22	0.0028350515463917525	1
user_000003	47d673c5-8a3d-4c37-8430-2eb055859c11	2002	764eb299-d4a6-4a9d-af8b-d0dcf7b3d3ca	Legowelt	22	0.0028350515463917525	1
user_000003	131e1db1-35a6-486b-ad7a-300de80352fe	The Futile	ee90d1b3-a4e2-4d18-9092-111d856e7e7a	Say Anything	22	0.0028350515463917525	1
user_000003	9004cce9-5f9b-4acc-9505-a781f719073c	Save Me	846cdb90-81a6-4c05-a7dc-9dd075f0db9e	Unwritten Law	21	0.0027061855670103088	1
user_000003	c4fc00ab-384d-49bc-b533-b449cbb074df	Liebe (Atb Remix)	600b1218-08a4-421b-9f9d-a534eba88512	Ayla	21	0.0027061855670103088	1
user_000003	2f9acaf8-3d9f-4cb7-b6d7-854017510ef1	Twelve (Dousk Mix)	ca2c20d6-1abc-4254-a7eb-451ce7dc6e66	Tilt	21	0.0027061855670103088	1
user_000003	56276a83-e4c5-418c-9f56-c6980421ebbe	Feel Good Inc.	e21857d5-3256-4547-afb3-4b6ded592596	Gorillaz	21	0.0027061855670103088	1
user_000003	b31c3c53-2ade-463f-ba26-3d56f05cdf59	Underground	846cdb90-81a6-4c05-a7dc-9dd075f0db9e	Unwritten Law	21	0.0027061855670103088	1
user_000003	ec7237d8-bdb5-4482-b7e8-d4bafb6e6ece	A Man Like Me	e9aca1a3-836a-4e5e-b8d4-56d20c60af5f	Beulah	21	0.0027061855670103088	1
user_000003	849d5194-0ea0-47fa-a861-533bd5ff00d5	Love Like Winter	1c3919b2-43ca-4a4a-935d-9d50135ec0ef	Afi	21	0.0027061855670103088	1
user_000003	db4c9220-df76-4b42-b6f5-8bf52cc80f77	Heartbeats	bf710b71-48e5-4e15-9bd6-96debb2e4e98	The Knife	21	0.0027061855670103088	1
user_000003	23ac2747-0bd3-4714-90b5-79f2f06aa108	Combat Baby	4449ccf6-c948-4d33-aa97-b6ad98ce4b5b	Metric	21	0.0027061855670103088	1
user_000003	5c4c99c4-02be-4053-aa6d-5576f7cc2c42	Love Don'T Let Me Go (Walking Away) (Joachim Garraud & David Guetta'S Fuck Me I'M Famous Mix)	74171dd1-1950-4c9a-88ef-93e039403c76	David Guetta Vs. The Egg	21	0.0027061855670103088	1
user_000003	ddf32169-c4f1-43ff-bc0b-900b21c0076f	Red Sun	40ee8fa3-c6d7-4556-b4e2-9f4114565043	Anoushka Shankar	21	0.0027061855670103088	1
user_000003	9cc9b241-be33-4efd-b35f-8c607c847640	Intro	846cdb90-81a6-4c05-a7dc-9dd075f0db9e	Unwritten Law	21	0.0027061855670103088	1
user_000003	eab36835-9fa7-4598-a50a-8bb114c9c5fb	Funk Ad	056e4f3e-d505-4dad-8ec1-d04f521cbb56	Daft Punk	20	0.002577319587628866	1
user_000003	c8027434-ea54-4fac-954f-0a843a7d0a62	Slowly, Through A Vector	ee90d1b3-a4e2-4d18-9092-111d856e7e7a	Say Anything	20	0.002577319587628866	1
user_000003	6fdbe339-8e79-40a6-9b4e-50ddb5bed915	The Writhing South	ee90d1b3-a4e2-4d18-9092-111d856e7e7a	Say Anything	20	0.002577319587628866	1
user_000003	6f71016e-8be0-4f9c-b72a-f88cc8347d3c	Endlessly, She Said	1c3919b2-43ca-4a4a-935d-9d50135ec0ef	Afi	20	0.002577319587628866	1
user_000003	fdc4b6e7-83c4-4733-8037-e7ee8b8ee4a5	Dirty Harry	e21857d5-3256-4547-afb3-4b6ded592596	Gorillaz	20	0.002577319587628866	1
user_000003	ba2e5694-b7d7-4182-b45f-7581bcf25571	Faust	e21857d5-3256-4547-afb3-4b6ded592596	Gorillaz	20	0.002577319587628866	1
user_000003	34494d8a-8a2f-445f-a6c2-1f65390835c3	Chia-Like, I Shall Grow	ee90d1b3-a4e2-4d18-9092-111d856e7e7a	Say Anything	20	0.002577319587628866	1
user_000003	ae753a5e-bfb9-4f12-b436-a83238a05157	Wrong Way	95f5b748-d370-47fe-85bd-0af2dc450bc0	Sublime	20	0.002577319587628866	1
user_000003	161ed275-7920-45f0-8dd8-5bc8e70d49fa	The Crystal Ship	9efff43b-3b29-4082-824e-bc82f646f93d	The Doors	20	0.002577319587628866	1
user_000003	e1fe1d12-dac2-4325-ae1b-25e0ef06b998	Voyager	056e4f3e-d505-4dad-8ec1-d04f521cbb56	Daft Punk	20	0.002577319587628866	1
user_000003	8a98614f-0533-44ef-890a-639cab407a2d	Superheroes	056e4f3e-d505-4dad-8ec1-d04f521cbb56	Daft Punk	20	0.002577319587628866	1
user_000003	ddc77377-cbb7-442b-99af-6a165b6053bc	Pawn Shop	95f5b748-d370-47fe-85bd-0af2dc450bc0	Sublime	19	0.002448453608247423	1
user_000003	9a778184-775b-4a6f-8561-7e326fba8c61	Admit It!!!	ee90d1b3-a4e2-4d18-9092-111d856e7e7a	Say Anything	19	0.002448453608247423	1
user_000003	60fa767a-d85d-4991-82bc-4294e0b11ae7	One More Time	056e4f3e-d505-4dad-8ec1-d04f521cbb56	Daft Punk	19	0.002448453608247423	1
user_000003	89ae9c78-7e38-40ec-bf9f-79d1f2678890	Oh Yeah	056e4f3e-d505-4dad-8ec1-d04f521cbb56	Daft Punk	19	0.002448453608247423	1
user_000003	41c98895-2b0a-4143-9835-30b5a0c6088b	Rabbit Hole	ca7e5899-0934-4f35-b153-60562b8f9e9d	Living Legends	19	0.002448453608247423	1
user_000003	67b93b70-dce2-421c-b9b1-7e712ed5e0ce	Popular Mechanics For Lovers	e9aca1a3-836a-4e5e-b8d4-56d20c60af5f	Beulah	19	0.002448453608247423	1
user_000003	b9379d29-f8b6-4686-b7a2-6689a623e38f	Hello Resolven	e9aca1a3-836a-4e5e-b8d4-56d20c60af5f	Beulah	19	0.002448453608247423	1
user_000003	ca420b11-d4d7-405b-ba26-903dfa3c9b1e	Spidersong	ee90d1b3-a4e2-4d18-9092-111d856e7e7a	Say Anything	19	0.002448453608247423	1
user_000003	a42b76a0-3bd1-4c3a-8e83-751f48d818ec	Rock'N Roll	056e4f3e-d505-4dad-8ec1-d04f521cbb56	Daft Punk	19	0.002448453608247423	1
user_000003	f3fb6ec6-46b2-412d-9ab3-956c1a5cf89f	Kelly Watch The Stars	cb67438a-7f50-4f2b-a6f1-2bb2729fd538	Air	19	0.002448453608247423	1
user_000003	87e8d173-ac7a-4ee8-886d-46b11f902591	Moonlight Party	b2232b64-d79e-4c66-b841-634ca4023bde	Fonzerelli	19	0.002448453608247423	1
user_000003	276ccc59-119f-4e61-90e8-be32ab4f79fa	Crooked Teeth	0039c7ae-e1a7-4a7d-9b49-0cbc716821a6	Death Cab For Cutie	19	0.002448453608247423	1
user_000003	1027ed7e-6512-4655-a676-32fd12357c7f	Don'T You Evah	84eac621-1c5a-49a1-9500-555099c6e184	Spoon	19	0.002448453608247423	1
user_000003	de9ff492-7ff9-40db-9471-2533c614ffdf	Y Control	584c04d2-4acc-491b-8a0a-e63133f4bfc4	Yeah Yeah Yeahs	19	0.002448453608247423	1
user_000003	01fae60f-4999-4b6f-8fcc-17aa6bb8dd1a	Better Off Alone	76bee0a6-10fc-416c-a8fd-d9c91ee9642c	Alice Deejay	19	0.002448453608247423	1
user_000003	bf79c612-b002-43f4-a422-1d79c581d603	Seein' Red	846cdb90-81a6-4c05-a7dc-9dd075f0db9e	Unwritten Law	19	0.002448453608247423	1
user_000003	1e6a7789-4fce-4798-909e-00e538026e33	Testify	3798b104-01cb-484c-a3b0-56adc6399b80	Rage Against The Machine	19	0.002448453608247423	1
user_000003	b1eca6a5-b589-4bdc-9e34-5f9e83ba5065	When Did Your Heart Go Missing?	bbc8d6b5-a3e3-4d51-9f4e-565e9ef94967	Rooney	19	0.002448453608247423	1
user_000003	95ab771e-62b4-4324-befd-024356c190c6	High Fidelity	056e4f3e-d505-4dad-8ec1-d04f521cbb56	Daft Punk	19	0.002448453608247423	1
user_000003	b8f32abb-5c49-44c4-8192-217060811c03	Killer Queen	0383dadf-2a4e-4d10-a46a-e9e041da8eb3	Queen	19	0.002448453608247423	1
user_000003	81f7a579-89f2-44e1-9c1e-43328bf64de4	Rescue Me	846cdb90-81a6-4c05-a7dc-9dd075f0db9e	Unwritten Law	19	0.002448453608247423	1
user_000003	7e60529f-7408-4567-acb6-d89430bea6be	Hustler	69ec6867-bda0-404b-bac4-338df8d73723	Simian Mobile Disco	19	0.002448453608247423	1
user_000003	2a220770-1150-4190-b0e0-57d89a0a7469	Veridis Quo	056e4f3e-d505-4dad-8ec1-d04f521cbb56	Daft Punk	18	0.00231958762886598	1
user_000003	1a7e98df-5fbc-4ce9-b7a7-5ec0bd1f9c12	Alive With The Glory Of Love	ee90d1b3-a4e2-4d18-9092-111d856e7e7a	Say Anything	18	0.00231958762886598	1
user_000003	46545ec0-9267-464a-8c6a-a5e6c76631c1	Mean Girl	846cdb90-81a6-4c05-a7dc-9dd075f0db9e	Unwritten Law	18	0.00231958762886598	1
user_000003	01b6ceb8-b3e7-486a-afea-f9943224e325	Jailhouse	95f5b748-d370-47fe-85bd-0af2dc450bc0	Sublime	18	0.00231958762886598	1
user_000003	15f16efc-8762-4151-95ab-c12d06268640	Digital Love	056e4f3e-d505-4dad-8ec1-d04f521cbb56	Daft Punk	18	0.00231958762886598	1
user_000003	6c717360-69a3-4c02-b443-2e402964de6c	Le Disko	ad61e25e-5516-41e1-b60d-744e8220986e	Shiny Toy Guns	18	0.00231958762886598	1
user_000003	e1f18237-dc4f-416c-aa47-abc33286f326	Touch Me	9efff43b-3b29-4082-824e-bc82f646f93d	The Doors	18	0.00231958762886598	1
user_000003	574e407c-ad6e-446c-b87f-4b781569fccd	Your Heart Is An Empty Room	0039c7ae-e1a7-4a7d-9b49-0cbc716821a6	Death Cab For Cutie	18	0.00231958762886598	1
user_000003	9f4bff4d-e3bf-44c3-b2d5-0710f1562121	Jane Fonda	5879a47f-c54f-4ebe-8d63-cdc9c6310dd2	Mickey Avalon	18	0.00231958762886598	1
user_000003	f92e924f-e795-433b-95ce-b256098abfd6	Robot Rock	056e4f3e-d505-4dad-8ec1-d04f521cbb56	Daft Punk	18	0.00231958762886598	1
user_000003	d7b835bb-569e-4769-9516-536fb970fd18	Gravity'S Bringing Us Down	e9aca1a3-836a-4e5e-b8d4-56d20c60af5f	Beulah	18	0.00231958762886598	1
user_000003	68258e07-f1d8-4956-bdf1-fa811c3ddf96	Thumbelina	32efc6ae-edf6-4fd1-b268-226073db9a36	Nightmare Of You	18	0.00231958762886598	1
user_000003	8beb9021-54b9-462b-b5dd-e8fd76b8a1f8	I Want To Know Your Plans	ee90d1b3-a4e2-4d18-9092-111d856e7e7a	Say Anything	18	0.00231958762886598	1
user_000003	69d8064a-1b6e-49af-933d-3e689b380af0	Loud Pipes	f467181e-d5e0-4285-b47e-e853dcc89ee7	Ratatat	17	0.002190721649484536	1
user_000003	eed28711-5ef2-42e3-bbcb-e6fd1c5a6cca	Narcolepsy	92a42e82-b36f-4308-82c1-68bad2e03c89	Third Eye Blind	17	0.002190721649484536	1
user_000003	9d9d8025-e199-4231-bc31-6efd90a4981d	Friends And Lovers	5879a47f-c54f-4ebe-8d63-cdc9c6310dd2	Mickey Avalon	17	0.002190721649484536	1
user_000003	7a78051e-3af4-46e5-b2bb-f41f3a20ef78	I'Ll Be Your Lampshade	e9aca1a3-836a-4e5e-b8d4-56d20c60af5f	Beulah	17	0.002190721649484536	1
user_000003	09719bd9-d521-4bea-b778-33d5f40c30eb	Total Job (Photek Remix)	a1419808-65d3-4d40-998c-1a0bac65eabc	The Faint	17	0.002190721649484536	1
user_000003	eeeac280-d1e0-4e5b-a085-ce8aa26cf96e	Stone Love	04f8dad4-de2d-4e98-8837-6a55075a9847	Pepper	17	0.002190721649484536	1
user_000003	e95bcf63-1378-4015-a95a-bedf4a646977	Pollyanna	564fc407-34d2-400b-8d14-53535054d394	Northstar	17	0.002190721649484536	1
user_000003	a05f04ca-5d43-4524-867b-d3298f3e52c6	California Sky	846cdb90-81a6-4c05-a7dc-9dd075f0db9e	Unwritten Law	17	0.002190721649484536	1
user_000003	689fdeee-2284-41e5-8693-8a02f2b19650	Miami	350bce49-c21b-4137-b50a-0766ded07e4d	Taking Back Sunday	17	0.002190721649484536	1
user_000003	eef12f70-f8fa-447a-a706-9645eb14be65	Dracula	e21857d5-3256-4547-afb3-4b6ded592596	Gorillaz	17	0.002190721649484536	1
user_000003	6ca12664-384c-4139-9b64-b529187f2e2a	Rest Of My Life	846cdb90-81a6-4c05-a7dc-9dd075f0db9e	Unwritten Law	17	0.002190721649484536	1
user_000003	0d1663f8-7456-47ff-9b16-7478b4bb687e	Starts With One	ad61e25e-5516-41e1-b60d-744e8220986e	Shiny Toy Guns	17	0.002190721649484536	1
user_000003	5bd6de01-a8d2-4784-9eaf-3a45ff0f9cd5	Wow, I Can Get Sexual Too	ee90d1b3-a4e2-4d18-9092-111d856e7e7a	Say Anything	17	0.002190721649484536	1
user_000003	57504f76-e648-4ff5-a8c2-ca246c20773f	Affliction	1c3919b2-43ca-4a4a-935d-9d50135ec0ef	Afi	17	0.002190721649484536	1
user_000003	3e8b5133-da14-4d9d-a1b0-0848bb6ae2ea	Last Living Souls	e21857d5-3256-4547-afb3-4b6ded592596	Gorillaz	17	0.002190721649484536	1
user_000003	6925fcc8-f7c6-4b92-b17b-a5ecc8c22745	Little Girls	ee90d1b3-a4e2-4d18-9092-111d856e7e7a	Say Anything	17	0.002190721649484536	1
user_000003	1cb18dc9-6d27-4ffb-b2bd-13c58c865286	Love Me Two Times	9efff43b-3b29-4082-824e-bc82f646f93d	The Doors	17	0.002190721649484536	1
user_000003	65201b4d-0f84-4b83-98be-c4eb9b291429	Queen Of The Highway	9efff43b-3b29-4082-824e-bc82f646f93d	The Doors	17	0.002190721649484536	1
user_000003	30f39b9b-e965-42da-8dd1-4565334c62e9	Lights Out	e3eb5f1d-f57e-4cc5-9821-e79bf2b4f0b6	Letter Kills	17	0.002190721649484536	1
user_000003	1e0bf9dc-410c-4d95-95b8-9130d6824ca5	An Orgy Of Critics	ee90d1b3-a4e2-4d18-9092-111d856e7e7a	Say Anything	17	0.002190721649484536	1
user_000003	c836e710-2730-4f0f-860b-b4346203b90e	Can'T You Hear Me Knocking	b071f9fa-14b0-4217-8e97-eb41da73f598	The Rolling Stones	17	0.002190721649484536	1
user_000003	57db2a7e-67e6-4d56-8b78-7f0e9967691c	Yellow Cat (Slash) Red Cat	ee90d1b3-a4e2-4d18-9092-111d856e7e7a	Say Anything	17	0.002190721649484536	1
user_000003	61267686-d9d4-4c68-b08a-ab356ea49cae	Silent Shout	bf710b71-48e5-4e15-9bd6-96debb2e4e98	The Knife	17	0.002190721649484536	1
user_000003	b9036809-7838-4517-b034-b2cbc92adf89	Lonesome	846cdb90-81a6-4c05-a7dc-9dd075f0db9e	Unwritten Law	17	0.002190721649484536	1
user_000003	b25c4125-3323-4709-989d-de27f9051d47	Sorry	846cdb90-81a6-4c05-a7dc-9dd075f0db9e	Unwritten Law	17	0.002190721649484536	1
user_000003	59038571-03ea-4ca4-965c-a57eae2aa138	Face To Face	056e4f3e-d505-4dad-8ec1-d04f521cbb56	Daft Punk	17	0.002190721649484536	1
user_000003	bd113090-816d-4267-aa3c-4041496ab582	Last Caress	936addc3-91aa-49de-8ec0-0dc186de151f	Misfits	17	0.002190721649484536	1
user_000003	790c745b-c1a8-4a45-a423-9d230769f4ac	I Saw Red	95f5b748-d370-47fe-85bd-0af2dc450bc0	Sublime	17	0.002190721649484536	1
user_000003	f50685e5-1bef-46a7-8766-aeec2037a0eb	Shallow	846cdb90-81a6-4c05-a7dc-9dd075f0db9e	Unwritten Law	17	0.002190721649484536	1
user_000003	0eca06fb-450b-4a23-aa4e-56412228d48e	7 Weeks	04f8dad4-de2d-4e98-8837-6a55075a9847	Pepper	17	0.002190721649484536	1
user_000003	3f60ae01-43cc-4db9-86ec-97b79f83764f	Short Circuit	056e4f3e-d505-4dad-8ec1-d04f521cbb56	Daft Punk	17	0.002190721649484536	1
user_000003	a259e1a4-d9d3-4b31-b53a-e5e0e2754aa4	Harder, Better, Faster, Stronger (Radio Edit)	056e4f3e-d505-4dad-8ec1-d04f521cbb56	Daft Punk	17	0.002190721649484536	1
user_000003	ee926d08-d5f0-4ed9-957a-ca5bf6381097	Losing A Whole Year	92a42e82-b36f-4308-82c1-68bad2e03c89	Third Eye Blind	16	0.002061855670103093	1
user_000003	44a05676-ea45-4a79-97c4-01527e67e6d2	Don'T Cry Out	ad61e25e-5516-41e1-b60d-744e8220986e	Shiny Toy Guns	16	0.002061855670103093	1
user_000003	a484ef36-93e5-4bfc-89f8-b8e51fedf596	Shaken	ad61e25e-5516-41e1-b60d-744e8220986e	Shiny Toy Guns	16	0.002061855670103093	1
user_000003	e6f3d5de-f286-4998-ac87-53e64d4ec1f3	I Looked At You	9efff43b-3b29-4082-824e-bc82f646f93d	The Doors	16	0.002061855670103093	1
user_000003	b862c99f-a148-4b64-a662-cbcf3fb0be4d	Disco: The Secretaries Blues	e9aca1a3-836a-4e5e-b8d4-56d20c60af5f	Beulah	16	0.002061855670103093	1
user_000003	29dd4157-7522-49b4-b8ad-44bac34dca81	A Passage To Bangkok	534ee493-bfac-4575-a44a-0ae41e2c3fe4	Rush	16	0.002061855670103093	1
user_000003	768217d5-f223-4942-9283-8b3e67e62e94	Break On Through (To The Other Side)	9efff43b-3b29-4082-824e-bc82f646f93d	The Doors	16	0.002061855670103093	1
user_000003	6d294fcd-d214-42b0-8640-6ab202a937d7	Kids With Guns	e21857d5-3256-4547-afb3-4b6ded592596	Gorillaz	16	0.002061855670103093	1
user_000003	f41be3b0-729f-401b-b04c-b57b26596dd1	Burned By The Sun	e9aca1a3-836a-4e5e-b8d4-56d20c60af5f	Beulah	16	0.002061855670103093	1
user_000003	1d9cea43-ce62-4f52-b3e6-703d2956dfd4	Sleep Now In The Fire	3798b104-01cb-484c-a3b0-56adc6399b80	Rage Against The Machine	16	0.002061855670103093	1
user_000003	47bfa6fd-c326-47e6-8a4a-aae5a468889a	Every Man Has A Molly	ee90d1b3-a4e2-4d18-9092-111d856e7e7a	Say Anything	16	0.002061855670103093	1
user_000003	86082dbc-2fba-44dd-a4e8-4b6b5234e0cc	Hello, I Love You	9efff43b-3b29-4082-824e-bc82f646f93d	The Doors	16	0.002061855670103093	1
user_000003	52a210e3-8405-49cc-950c-863883982e82	Shivers (Radio Edit)	477b8c0c-c5fc-4ad2-b5b2-191f0bf2a9df	Armin Van Buuren	16	0.002061855670103093	1
user_000003	8896ba53-27f4-4e7b-8cd2-657e9dec48fe	Behind Blue Eyes	9fdaa16b-a6c4-4831-b87c-bc9ca8ce7eaa	The Who	16	0.002061855670103093	1
user_000003	5fa6ebfc-e2bb-4ff3-9ea3-d3c0a015a87f	Close Your Eyes	846cdb90-81a6-4c05-a7dc-9dd075f0db9e	Unwritten Law	16	0.002061855670103093	1
user_000003	64b0a063-767c-4080-bd51-62e923445594	Disloyalist Party	ac496108-cc64-45cd-9b28-59fc726ffa7b	Joy Electric	16	0.002061855670103093	1
user_000003	5fceebe4-d425-4e83-85d0-b4ee61b8d8d6	Burnin'	056e4f3e-d505-4dad-8ec1-d04f521cbb56	Daft Punk	16	0.002061855670103093	1
user_000003	12379e78-adfc-42f7-b729-83f192db41af	The Rise And Fall Of Our Hero'S Reward	e9aca1a3-836a-4e5e-b8d4-56d20c60af5f	Beulah	16	0.002061855670103093	1
user_000003	d836830d-fb62-41b1-bc2a-fc899d1c99cc	New Slang	6c8b9855-ba8b-48f9-ac1d-42167f7f7b18	The Shins	16	0.002061855670103093	1
user_000003	aa0e3e58-fec7-474c-91e4-f32d3d9c1d5c	Photobooth	0039c7ae-e1a7-4a7d-9b49-0cbc716821a6	Death Cab For Cutie	16	0.002061855670103093	1
user_000003	10cdacde-e54a-412a-863b-81d9ea6b3df2	Daftendirekt	056e4f3e-d505-4dad-8ec1-d04f521cbb56	Daft Punk	15	0.0019329896907216496	0
user_000003	f6021b3c-3e80-43a3-be3a-f452985bb4fe	Grow Up And Blow Away	4449ccf6-c948-4d33-aa97-b6ad98ce4b5b	Metric	15	0.0019329896907216496	0
user_000003	f1a6a40f-78f5-4918-968d-f64363bae94c	Harder, Better, Faster, Stronger	056e4f3e-d505-4dad-8ec1-d04f521cbb56	Daft Punk	15	0.0019329896907216496	0
user_000003	e884bfb3-b119-4064-ae8b-432a972ea9f5	Born Of A Broken Man	3798b104-01cb-484c-a3b0-56adc6399b80	Rage Against The Machine	15	0.0019329896907216496	0
user_000003	87957f2e-71a6-4076-8f28-969cbaba1016	Notes In His Pockets	0ad7bbcd-6e77-4dc0-bb61-e331c46f70ec	The Good Life	15	0.0019329896907216496	0
user_000003	f4eb9a29-5dda-482b-8d3e-ed1d10898d88	Maria	3798b104-01cb-484c-a3b0-56adc6399b80	Rage Against The Machine	15	0.0019329896907216496	0
user_000003	712edd8d-b413-4e4e-aca4-9b91fce2e65c	Nightvision	056e4f3e-d505-4dad-8ec1-d04f521cbb56	Daft Punk	15	0.0019329896907216496	0
user_000003	a5741d3d-c925-4070-8a83-910d23eb33d4	I Will Follow You Into The Dark	0039c7ae-e1a7-4a7d-9b49-0cbc716821a6	Death Cab For Cutie	15	0.0019329896907216496	0
user_000003	59890185-6abc-4c94-8387-bdf62cfeda61	The Weather Girl	ad61e25e-5516-41e1-b60d-744e8220986e	Shiny Toy Guns	15	0.0019329896907216496	0
user_000003	8c4ada2e-cef8-4944-a0e1-215769a260a1	Gene Autry	e9aca1a3-836a-4e5e-b8d4-56d20c60af5f	Beulah	15	0.0019329896907216496	0
user_000003	610d8f36-3e85-4130-b2cc-2ad617f54c36	Mary Jane'S Last Dance	f93dbc64-6f08-4033-bcc7-8a0bb4689849	Tom Petty And The Heartbreakers	15	0.0019329896907216496	0
user_000003	06e4939f-35b0-4849-aaae-aca274447a25	Rumble	1c1c86a2-7850-47ac-8771-ae6359bae2b7	Link Wray	15	0.0019329896907216496	0
user_000003	5e06fed6-b499-44e5-bde8-5f8aad6a2bd9	Let Loose	d94403dd-0446-4b6b-a47c-340b03365390	The Expendables	15	0.0019329896907216496	0
user_000003	e51d586e-7a9a-4360-84a1-1a7b9528849d	Feel Alive	4317fa1b-42e6-41e7-98ee-44d3405ea1f9	Benassi Bross Feat. Sandy	15	0.0019329896907216496	0
user_000003	b9210ba1-c269-476d-a8fc-cd53d2840d7e	It'S A Metaphor, Fool	ee90d1b3-a4e2-4d18-9092-111d856e7e7a	Say Anything	15	0.0019329896907216496	0
user_000003	d63ad586-1124-4df1-9a2b-c014d7b7cb02	Crescendolls	056e4f3e-d505-4dad-8ec1-d04f521cbb56	Daft Punk	15	0.0019329896907216496	0
user_000003	b6d907dd-1626-43e4-b08f-19f24148089f	Like A.M. Radio	564fc407-34d2-400b-8d14-53535054d394	Northstar	15	0.0019329896907216496	0
user_000003	ed3f6c72-e368-488d-8eea-0db5c3c1b5fe	I Will Never Write An Obligatory Song About Being On The Road And Missing Someone	ee90d1b3-a4e2-4d18-9092-111d856e7e7a	Say Anything	15	0.0019329896907216496	0
user_000003	5009a6fc-a788-478e-af20-fac01e126eb4	A Good Man Is Easy To Kill	e9aca1a3-836a-4e5e-b8d4-56d20c60af5f	Beulah	15	0.0019329896907216496	0
user_000003	84ae4b26-7170-4296-a145-112bf3f357e6	Rainy Monday	ad61e25e-5516-41e1-b60d-744e8220986e	Shiny Toy Guns	15	0.0019329896907216496	0
user_000003	bb883fd9-ab17-434f-b336-9469a2b4f363	What I Got	95f5b748-d370-47fe-85bd-0af2dc450bc0	Sublime	15	0.0019329896907216496	0
user_000003	d79384a0-7a17-4217-8d60-02f150b9f535	Serenity (Sensation White Theme 2005)	477b8c0c-c5fc-4ad2-b5b2-191f0bf2a9df	Armin Van Buuren	15	0.0019329896907216496	0
user_000003	93a17adb-d427-4f2f-9e90-03abd67324c5	Posed To Death (The Calculators Remix)	a1419808-65d3-4d40-998c-1a0bac65eabc	The Faint	15	0.0019329896907216496	0
user_000003	5b804770-818f-4c13-9954-06ce5d651f9c	Nick And Phil	846cdb90-81a6-4c05-a7dc-9dd075f0db9e	Unwritten Law	15	0.0019329896907216496	0
user_000003	44c609ff-ee3c-4bf5-8fa0-35460b8e4928	Jupiter Room	7b52603c-a84c-4a76-8dc8-899bb4dd9fa7	Digitalism	15	0.0019329896907216496	0
user_000003	76fa60bf-10c5-46d1-a47a-bf156dec2035	Television Rules The Nation	056e4f3e-d505-4dad-8ec1-d04f521cbb56	Daft Punk	15	0.0019329896907216496	0
user_000003	92da1f05-0d96-441b-8e63-661a31779ff7	All Alone	e21857d5-3256-4547-afb3-4b6ded592596	Gorillaz	15	0.0019329896907216496	0
user_000003	dfe2855d-a9b8-498d-95c4-e69aba8a17b4	Babalon	846cdb90-81a6-4c05-a7dc-9dd075f0db9e	Unwritten Law	14	0.0018041237113402067	0
user_000003	0e6871fc-d16f-4cc8-86fc-c8d368f906d4	In The Waiting Line	c23b637b-97c6-41eb-8ef6-6c724efc80a8	Zero 7	14	0.0018041237113402067	0
user_000003	5de2b982-9029-4315-929e-94f1c63ca62e	Cars Hiss By My Window	9efff43b-3b29-4082-824e-bc82f646f93d	The Doors	14	0.0018041237113402067	0
user_000003	ef289bac-339e-4980-b9bc-fb21ba5ff7cf	Belt	ee90d1b3-a4e2-4d18-9092-111d856e7e7a	Say Anything	14	0.0018041237113402067	0
user_000003	b59fe6fe-5a99-4360-af78-b6c6b8f51921	You'Re Only King Once	e9aca1a3-836a-4e5e-b8d4-56d20c60af5f	Beulah	14	0.0018041237113402067	0
user_000003	f9977b23-e894-4027-acb1-889aa28a2ac0	It'S True That We Love One Another	11ae9fbb-f3d7-4a47-936f-4c0a04d3b3b5	The White Stripes	14	0.0018041237113402067	0
user_000003	e6f46e56-06f1-4bd8-a8e5-a9bba20b661c	Some Tragedy	0ad7bbcd-6e77-4dc0-bb61-e331c46f70ec	The Good Life	14	0.0018041237113402067	0
user_000003	0f23f309-02f6-454b-867c-12a41ca8bc3e	Holiday	846cdb90-81a6-4c05-a7dc-9dd075f0db9e	Unwritten Law	14	0.0018041237113402067	0
user_000003	5df55318-80ec-42b5-8e42-e4765076b23c	Queen Of The Populists	e9aca1a3-836a-4e5e-b8d4-56d20c60af5f	Beulah	14	0.0018041237113402067	0
user_000003	ef9c1e73-fa8c-49b7-bd0e-6ee0c8961b4a	Cruel Minor Change	e9aca1a3-836a-4e5e-b8d4-56d20c60af5f	Beulah	14	0.0018041237113402067	0
user_000003	5bc0395c-31f9-4a3f-b985-286f8fb478c6	Night Is The Day Turned Inside Out	e9aca1a3-836a-4e5e-b8d4-56d20c60af5f	Beulah	14	0.0018041237113402067	0
user_000003	cacbc9a7-45d1-417b-b509-0193165956ee	Sound Siren	846cdb90-81a6-4c05-a7dc-9dd075f0db9e	Unwritten Law	14	0.0018041237113402067	0
user_000003	2ff96823-2b3a-4ada-8252-f7251f272b74	What Will You Do When Your Suntan Fades?	e9aca1a3-836a-4e5e-b8d4-56d20c60af5f	Beulah	14	0.0018041237113402067	0
user_000003	27ea08b7-147a-4421-94bc-8e0b386bb1d8	Tits & Acid	69ec6867-bda0-404b-bac4-338df8d73723	Simian Mobile Disco	14	0.0018041237113402067	0
user_000003	79a2a1a8-f8f6-4a8d-ba40-1b0924590222	End Of The Night	9efff43b-3b29-4082-824e-bc82f646f93d	The Doors	14	0.0018041237113402067	0
user_000003	9db222a4-328b-444a-9ace-fe8f2c951dc3	Limelight	534ee493-bfac-4575-a44a-0ae41e2c3fe4	Rush	14	0.0018041237113402067	0
user_000003	de0235f3-b988-4d7a-8629-87f5736aec6d	Marching Bands Of Manhattan	0039c7ae-e1a7-4a7d-9b49-0cbc716821a6	Death Cab For Cutie	14	0.0018041237113402067	0
user_000003	04ae5e8f-e9e7-4f00-bfb2-f44a08328073	Fortress	1f16a425-2606-4137-a6b7-234b6dabe037	Pinback	14	0.0018041237113402067	0
user_000003	683b4a19-de77-4311-b80e-ff43245c2583	Of Greetings And Goodbyes	1c3919b2-43ca-4a4a-935d-9d50135ec0ef	Afi	14	0.0018041237113402067	0
user_000003	b6f33508-e68e-4e99-ae1f-5810982853b4	If We Can Land A Man On The Moon	e9aca1a3-836a-4e5e-b8d4-56d20c60af5f	Beulah	14	0.0018041237113402067	0
user_000003	d8856eb4-b801-4fc1-9c8b-be66514ba1e3	Powers That Be	72609007-4227-4bdd-a993-1e92df52527a	Hieroglyphics	14	0.0018041237113402067	0
user_000003	15b2ba38-517c-4c9b-992d-502ac7e14fd1	It'S The Beat	69ec6867-bda0-404b-bac4-338df8d73723	Simian Mobile Disco	14	0.0018041237113402067	0
user_000003	93b1e76b-fbc7-4465-b412-974cb0627928	Alabama Song	9efff43b-3b29-4082-824e-bc82f646f93d	The Doors	13	0.0016752577319587628	0
user_000003	4a58052f-847c-48b5-bc0e-a18544a762c8	Dance Me	265f242e-cf4e-4fbe-a3fe-43112387172f	Télépopmusik	13	0.0016752577319587628	0
user_000003	b78e17df-d6cd-4bfa-a70d-b82e848c74e3	The Recluse	c4153c51-b4ac-4183-beb3-c5dbfce39176	Cursive	13	0.0016752577319587628	0
user_000003	a9032f20-a226-48af-a059-da4037afc24b	Metal Now	ee90d1b3-a4e2-4d18-9092-111d856e7e7a	Say Anything	13	0.0016752577319587628	0
user_000003	872746d5-cc48-4a5b-a456-c9f7d96c6a7a	Jumper	92a42e82-b36f-4308-82c1-68bad2e03c89	Third Eye Blind	13	0.0016752577319587628	0
user_000003	9cf95042-db6e-4eac-9e7e-b4bde0fcad13	Jackie Will Save Me	ad61e25e-5516-41e1-b60d-744e8220986e	Shiny Toy Guns	13	0.0016752577319587628	0
user_000003	b9858359-1867-4976-8728-5e9eda5f8a3b	It'S Too Late (Club Mix)	85cb311a-d143-4a90-bfa8-a98069292434	Dirty South Vs. Evermore	13	0.0016752577319587628	0
user_000003	11024354-5537-48b6-bfbf-fa6739570f67	300 M.P.H. Torrential Outpour Blues	11ae9fbb-f3d7-4a47-936f-4c0a04d3b3b5	The White Stripes	13	0.0016752577319587628	0
user_000003	486eba35-ba7c-4491-bbb5-d5eb2e04e25b	The End (From Apocalypse Now)	9efff43b-3b29-4082-824e-bc82f646f93d	The Doors	13	0.0016752577319587628	0
user_000003	722f3405-d15e-4763-8221-9ef0d5db3a35	Tomorrow Comes Today	e21857d5-3256-4547-afb3-4b6ded592596	Gorillaz	13	0.0016752577319587628	0
user_000003	fad6c50a-ada9-4322-9983-1395e0344c29	Time & Confusion	c648509e-9916-4c56-ab63-652a03da16dd	Anberlin	13	0.0016752577319587628	0
user_000003	05f50395-2753-462f-9511-b9ec5241f0d8	Sky Fell Over Me	ad61e25e-5516-41e1-b60d-744e8220986e	Shiny Toy Guns	13	0.0016752577319587628	0
user_000003	e36920e0-0fba-475f-a4f8-db92f92e3d7f	Take It As It Comes	9efff43b-3b29-4082-824e-bc82f646f93d	The Doors	13	0.0016752577319587628	0
user_000003	3b3800e2-ea5f-459f-8cf1-70ccb59bd356	Lovers Need Lawyers	0ad7bbcd-6e77-4dc0-bb61-e331c46f70ec	The Good Life	13	0.0016752577319587628	0
user_000003	9cbfdc0d-6437-4e6c-a238-f746728de8b8	Fooled With The Wrong Guy	e9aca1a3-836a-4e5e-b8d4-56d20c60af5f	Beulah	13	0.0016752577319587628	0
user_000003	88d0fe07-9654-4966-a941-00be0c45a7b1	A Martyr For My Love For You	11ae9fbb-f3d7-4a47-936f-4c0a04d3b3b5	The White Stripes	13	0.0016752577319587628	0
user_000003	9168097d-135c-4f94-a895-2f80168afe87	Clik	69ec6867-bda0-404b-bac4-338df8d73723	Simian Mobile Disco	13	0.0016752577319587628	0
user_000003	c5420b13-8a3a-43e2-b6ae-10b58757dbc1	I Promise You Walls	ad61e25e-5516-41e1-b60d-744e8220986e	Shiny Toy Guns	13	0.0016752577319587628	0
user_000003	956adb60-e716-45a8-bead-6f543eeb82af	Classic	72609007-4227-4bdd-a993-1e92df52527a	Hieroglyphics	13	0.0016752577319587628	0
user_000003	90e008b1-cfb9-4542-9e61-42b4ef575cc8	The Missing Frame	1c3919b2-43ca-4a4a-935d-9d50135ec0ef	Afi	13	0.0016752577319587628	0
user_000003	59147430-8290-4807-a53d-2d5e05d5dcdc	Intro	e21857d5-3256-4547-afb3-4b6ded592596	Gorillaz	13	0.0016752577319587628	0
user_000003	9cba37c6-18fd-4472-9c7a-2af11844c33b	Be Still	29ed4a49-fb99-4a5c-8713-609cabe6f34a	Kaskade	13	0.0016752577319587628	0
user_000003	568b4218-9dcb-4034-935e-f23b907d3696	Most Beautiful Plague	ee90d1b3-a4e2-4d18-9092-111d856e7e7a	Say Anything	13	0.0016752577319587628	0
user_000003	f45aa30f-aab9-4dfb-9873-180079577329	Dosed	8bfac288-ccc5-448d-9573-c33ea2aa5c30	Red Hot Chili Peppers	13	0.0016752577319587628	0
user_000003	aaa8011c-9fb7-4d4b-b7f9-6bcfb4c4fa5c	Heartbroke	0ad7bbcd-6e77-4dc0-bb61-e331c46f70ec	The Good Life	13	0.0016752577319587628	0
user_000003	ee8b5436-91cc-44e0-bef2-01a4951be612	Total Revenge	ee90d1b3-a4e2-4d18-9092-111d856e7e7a	Say Anything	13	0.0016752577319587628	0
user_000003	58044028-9a7e-4da6-9ca8-e5322a25d9a2	Island In The Sun	6fe07aa5-fec0-4eca-a456-f29bff451b04	Weezer	13	0.0016752577319587628	0
user_000003	25117af6-695a-4815-9368-ad0a9b0be217	Audrey, Start The Revolution!	c648509e-9916-4c56-ab63-652a03da16dd	Anberlin	13	0.0016752577319587628	0
user_000003	c1a79356-940c-4ce6-8afb-bb321d2566db	Wurz + Blosse	dd48e14c-8e0b-4c2f-be56-1ca77b849fcd	Wighnomy Brothers	13	0.0016752577319587628	0
user_000003	46e279c8-f765-49b4-8ddb-f46c26152b3c	Blue Fear 2004	477b8c0c-c5fc-4ad2-b5b2-191f0bf2a9df	Armin Van Buuren	13	0.0016752577319587628	0
user_000003	a210c52d-ec27-4fc0-a6a9-d729fe82c042	Lay Low For The Letdown	e9aca1a3-836a-4e5e-b8d4-56d20c60af5f	Beulah	13	0.0016752577319587628	0
user_000003	8e8560a9-9c4e-47b7-ad95-a925ca9f6419	Dance4Life (Fonzerelli Remix)	18411cb1-a3e0-49ae-a308-dd9004677726	Tiesto Feat. Maxi Jazz	13	0.0016752577319587628	0
user_000003	b04db5fe-7f01-4f8e-bfe1-66d4caf1278f	Amber	bf600e2b-dc2d-4839-a1be-6ebef4087cd0	311	13	0.0016752577319587628	0
user_000003	2ebfba3b-c2c4-4ca9-90d9-30fd14fedcd3	Traveling Alone	958c9a97-5bba-447a-b0c1-2cd4623eff73	Sherwood	13	0.0016752577319587628	0
user_000003	aae43474-8044-49dc-901d-7d52c54aa9e3	Slo-Mo For The Masses	e9aca1a3-836a-4e5e-b8d4-56d20c60af5f	Beulah	13	0.0016752577319587628	0
user_000003	56419cfd-496e-46a1-a855-4c0fb15e0797	Pop The Glock	818be9a0-e5a7-4ff5-a190-98d2411d0cbf	Uffie	13	0.0016752577319587628	0
user_000003	d79ae0b5-514f-4f82-92d1-36b8b285d769	Driftwood	c4153c51-b4ac-4183-beb3-c5dbfce39176	Cursive	13	0.0016752577319587628	0
user_000003	c7422f73-8e94-4dde-baf0-5af86be7de70	Aqueous Transmission	e3e0abcd-7671-4482-a9d8-462f5acc9be5	Incubus	13	0.0016752577319587628	0
user_000003	0701594c-1845-460c-8f22-56aca0499e20	Chemistry Of A Car Crash	ad61e25e-5516-41e1-b60d-744e8220986e	Shiny Toy Guns	13	0.0016752577319587628	0
user_000003	60bd9d53-01ff-4562-8058-eb44b3940317	Everything In Its Right Place	a74b1b7f-71a5-4011-9441-d0b5e4122711	Radiohead	13	0.0016752577319587628	0
user_000003	4be3dae7-bf91-4616-8dd2-3137aeec90c6	Crawling King Snake	9efff43b-3b29-4082-824e-bc82f646f93d	The Doors	12	0.0015463917525773195	0
user_000003	e65c2aac-8497-4c0d-b189-2f26b769198b	Mic Check	3798b104-01cb-484c-a3b0-56adc6399b80	Rage Against The Machine	12	0.0015463917525773195	0
user_000003	7adbfd94-d311-4ae8-ab0c-7926104ca015	Paperthin Hymn	c648509e-9916-4c56-ab63-652a03da16dd	Anberlin	12	0.0015463917525773195	0
user_000003	c4ce7dce-d47a-4b65-9ba0-44574308103f	Ballad Of The Lonely Argonaut	e9aca1a3-836a-4e5e-b8d4-56d20c60af5f	Beulah	12	0.0015463917525773195	0
user_000003	1316af25-1837-47d0-a9c8-f6e21abaa528	Silverado Days	e9aca1a3-836a-4e5e-b8d4-56d20c60af5f	Beulah	12	0.0015463917525773195	0
user_000003	3c036236-d5ef-4efa-a7ed-61bde581c7a1	Bonus Mosh, Part Ii	350bce49-c21b-4137-b50a-0766ded07e4d	Taking Back Sunday	12	0.0015463917525773195	0
user_000003	937fe4cf-981f-44f6-88e4-c466aca41784	White Light	e21857d5-3256-4547-afb3-4b6ded592596	Gorillaz	12	0.0015463917525773195	0
user_000003	02a7bdca-574f-495a-8a1c-15f5abee9342	Lebanese Blonde	a505bb48-ad65-4af4-ae47-29149715bff9	Thievery Corporation	12	0.0015463917525773195	0
user_000003	f5c818fa-e338-4f29-8e18-60898b4856e1	Watch The Sunrise (Axwell Re-Mode)	4539050e-e355-4c39-bdfa-e74cb67ce365	Axwell	12	0.0015463917525773195	0
user_000003	9a6e0e57-2406-4231-be2b-1feb669dec74	Thanks A Lot	92a42e82-b36f-4308-82c1-68bad2e03c89	Third Eye Blind	12	0.0015463917525773195	0
user_000003	f79ec439-ccc9-4c59-a60f-3807803c8cdb	London	92a42e82-b36f-4308-82c1-68bad2e03c89	Third Eye Blind	12	0.0015463917525773195	0
user_000003	d222be16-8657-43bd-843f-5e061e28c519	Fire Coming Out Of The Monkey'S Head	e21857d5-3256-4547-afb3-4b6ded592596	Gorillaz	12	0.0015463917525773195	0
user_000003	a5988926-e106-43b1-ba4a-84d7da3d9626	Semi-Charmed Life	92a42e82-b36f-4308-82c1-68bad2e03c89	Third Eye Blind	12	0.0015463917525773195	0
user_000003	87e68d75-0f46-4ad0-bab0-e50f59c82712	Let'S Go Again	265f242e-cf4e-4fbe-a3fe-43112387172f	Télépopmusik	12	0.0015463917525773195	0
user_000003	d1fd56c6-4bbc-4c70-8d1a-5de9f0f9d3e4	My Side Of The City	e9aca1a3-836a-4e5e-b8d4-56d20c60af5f	Beulah	12	0.0015463917525773195	0
user_000003	ae257599-63ce-4758-8623-601c941479fe	Rocketship	ad61e25e-5516-41e1-b60d-744e8220986e	Shiny Toy Guns	12	0.0015463917525773195	0
user_000003	020c0888-a8fb-46be-bfb7-ef7fe0d2dba0	The Ghost Song	9efff43b-3b29-4082-824e-bc82f646f93d	The Doors	12	0.0015463917525773195	0
user_000003	815308c9-fb4c-4830-ab5f-2966f2ddb2cc	El Mañana	e21857d5-3256-4547-afb3-4b6ded592596	Gorillaz	12	0.0015463917525773195	0
user_000003	e985f583-7194-4340-90fe-9c2ecca54a93	Emma Blowgun'S Last Stand	e9aca1a3-836a-4e5e-b8d4-56d20c60af5f	Beulah	12	0.0015463917525773195	0
user_000003	1a915a2d-e2f4-4300-a230-96fc9c8a7b60	Too Long	056e4f3e-d505-4dad-8ec1-d04f521cbb56	Daft Punk	12	0.0015463917525773195	0
user_000003	cbedc3c3-6ec7-4479-ab30-56d837c7bd01	Evolution	846cdb90-81a6-4c05-a7dc-9dd075f0db9e	Unwritten Law	12	0.0015463917525773195	0
user_000003	c460d716-84ea-4e0d-8571-5f48f499ed9c	Don'T Get Lost In Heaven	e21857d5-3256-4547-afb3-4b6ded592596	Gorillaz	12	0.0015463917525773195	0
user_000003	c7b9fda3-651d-4c10-aa7a-7e216c4c2568	Break On Through	9efff43b-3b29-4082-824e-bc82f646f93d	The Doors	12	0.0015463917525773195	0
user_000003	4f27e90e-b1ae-40d3-b4d9-eb25eefc1c99	Alabama Song (Whiskey Bar)	9efff43b-3b29-4082-824e-bc82f646f93d	The Doors	12	0.0015463917525773195	0
user_000003	3570eca0-300d-41ac-81bd-a5b3ec18bb33	Maggie Mcgill	9efff43b-3b29-4082-824e-bc82f646f93d	The Doors	12	0.0015463917525773195	0
user_000003	44a1c934-e6f0-4d8f-a528-ff47622433ef	Love Ain'T For Keeping	9fdaa16b-a6c4-4831-b87c-bc9ca8ce7eaa	The Who	12	0.0015463917525773195	0
user_000003	f87df1b8-bf74-43d3-afa8-c52bc5dd7799	Maroon Bible	e9aca1a3-836a-4e5e-b8d4-56d20c60af5f	Beulah	12	0.0015463917525773195	0
user_000003	f5132fca-7e4d-47c3-8ea0-01c92b76d5a9	Keely Aimee	0ad7bbcd-6e77-4dc0-bb61-e331c46f70ec	The Good Life	12	0.0015463917525773195	0
user_000003	e020e94a-ad65-4d17-abcf-04b4f575f369	Your Mother Loves You Son	e9aca1a3-836a-4e5e-b8d4-56d20c60af5f	Beulah	12	0.0015463917525773195	0
user_000003	be588f6e-b090-485c-ab5c-43b2ab16993e	Dead!	c07f0676-9143-4217-8a9f-4c26bd636f13	My Chemical Romance	12	0.0015463917525773195	0
user_000003	6adeaba9-2feb-4e5e-9bca-2d65783921ec	Prickly Thorn, But Sweetly Worn	11ae9fbb-f3d7-4a47-936f-4c0a04d3b3b5	The White Stripes	12	0.0015463917525773195	0
user_000003	0bd9d0fd-57fc-4301-b65e-b5cf72d7c56d	A Dead Person Breathed On Me!	f988a2d6-0785-4b64-aa14-00171dc9d7fd	Forgive Durden	12	0.0015463917525773195	0
user_000003	fb533e80-e32b-4493-9bc5-7504128e29ab	Call On Me (Eric Prydz Vs. Retarded Funk Mix)	35dac7d2-0b1f-470f-9a5a-c53c8821f6d6	Eric Prydz	12	0.0015463917525773195	0
user_000003	8973a7cf-4897-4ecf-922f-dad5331fb9f8	Delta	e9aca1a3-836a-4e5e-b8d4-56d20c60af5f	Beulah	12	0.0015463917525773195	0
user_000003	efba0eb7-9fee-4d9a-b503-01003f5ff640	I Love John, She Loves Paul	e9aca1a3-836a-4e5e-b8d4-56d20c60af5f	Beulah	12	0.0015463917525773195	0
user_000003	297d92ae-1a15-4abb-8671-bd36f4f8954b	Your Share Of Men	0ad7bbcd-6e77-4dc0-bb61-e331c46f70ec	The Good Life	12	0.0015463917525773195	0
user_000003	89218462-3eab-4c48-9ccd-5b6f09b55f05	Calm Go The Wild Seas	e9aca1a3-836a-4e5e-b8d4-56d20c60af5f	Beulah	12	0.0015463917525773195	0
user_000003	b5c82c2a-3177-43be-8345-2dc07128a8c9	Catch Hell Blues	11ae9fbb-f3d7-4a47-936f-4c0a04d3b3b5	The White Stripes	12	0.0015463917525773195	0
user_000003	4ae2013a-a477-4aaf-ab02-179f97ed3625	Danger	92a42e82-b36f-4308-82c1-68bad2e03c89	Third Eye Blind	12	0.0015463917525773195	0
user_000003	e20c5dfe-01f2-4173-9f87-985b150587f9	Sunshine (That Acid Summer)	3604c99d-c146-4276-aa0c-9376d333aeb8	Everclear	12	0.0015463917525773195	0
user_000003	79140663-14ff-4f31-b7a0-1f7315750399	Perfect World	95f5b748-d370-47fe-85bd-0af2dc450bc0	Sublime	12	0.0015463917525773195	0
user_000003	c242f6e1-2f6d-44cf-9022-ecf3a77afe01	Wipe Those Prints And Run	e9aca1a3-836a-4e5e-b8d4-56d20c60af5f	Beulah	12	0.0015463917525773195	0
user_000003	9e387d54-296e-4519-b372-144e82bc8f21	Under A Honeymoon	0ad7bbcd-6e77-4dc0-bb61-e331c46f70ec	The Good Life	12	0.0015463917525773195	0
user_000003	2c34fa26-e36b-4c87-a65c-e76f376d9be6	Hellborn	846cdb90-81a6-4c05-a7dc-9dd075f0db9e	Unwritten Law	12	0.0015463917525773195	0
user_000003	c29b752c-7b77-49a5-911e-91e420365d2f	Bubble Toes	ff6e677f-91dd-4986-a174-8db0474b1799	Jack Johnson	12	0.0015463917525773195	0
user_000003	2267fea2-e288-4fad-8eed-2bb3ad56fb05	What You Know	f7ba7fbe-c6bd-4ac0-bee9-c25c558d7d62	T.I.	12	0.0015463917525773195	0
user_000003	d5e0d15e-32d3-47a1-9cf3-e46f5fc8cd12	37Mm	1c3919b2-43ca-4a4a-935d-9d50135ec0ef	Afi	12	0.0015463917525773195	0
user_000003	d8810920-f5ca-47c8-9e3b-287b9e71f47a	Two Years This Month	0ad7bbcd-6e77-4dc0-bb61-e331c46f70ec	The Good Life	12	0.0015463917525773195	0
user_000003	2504d741-d674-40bb-a018-f3153026b131	Sands Of Time	36261b5c-5cef-43aa-8a98-3630bcb9e228	Progression	12	0.0015463917525773195	0
user_000003	88709fa7-5657-433a-b6b2-76a630db2ed8	Icky Thump	11ae9fbb-f3d7-4a47-936f-4c0a04d3b3b5	The White Stripes	12	0.0015463917525773195	0
user_000003	1fe974f9-1cba-43dd-b0d9-1eaf2513c3f7	Misfits	92a42e82-b36f-4308-82c1-68bad2e03c89	Third Eye Blind	12	0.0015463917525773195	0
user_000003	190de968-6d1a-4f03-8f42-8dccde4e4f42	Electric Bloom (Oli Q Remix)	6a65d878-fcd0-42cf-aff9-ca1d636a8bcc	Foals	11	0.0014175257731958762	0
user_000003	e9fcf975-06bb-430a-bfe2-d471b5f1eade	I Feel Space	d2c1af9e-b83a-4ad6-a3e8-53c993d74730	Lindstrøm	11	0.0014175257731958762	0
user_000003	ae98e3e8-5b0f-476e-81bb-80ad3096cbdf	Graduate	92a42e82-b36f-4308-82c1-68bad2e03c89	Third Eye Blind	11	0.0014175257731958762	0
user_000003	eeccb308-6ec3-43e7-b54f-b568ab99e94c	You Don'T Know What Love Is (You Just Do As You'Re Told)	11ae9fbb-f3d7-4a47-936f-4c0a04d3b3b5	The White Stripes	11	0.0014175257731958762	0
user_000003	81244866-a534-49be-a156-bd456ee7be41	Latin Simone (Que Pasa Contigo)	e21857d5-3256-4547-afb3-4b6ded592596	Gorillaz	11	0.0014175257731958762	0
user_000003	82c1b8e7-d28b-4c1d-8d50-25ad57215a2e	Calm Like A Bomb	3798b104-01cb-484c-a3b0-56adc6399b80	Rage Against The Machine	11	0.0014175257731958762	0
user_000003	5c34e425-593d-4f0c-a531-6956cb323816	Thunder In Paradise	6ce9aa3b-a58b-40dc-94f5-954da0a279d1	Dj Mystik	11	0.0014175257731958762	0
user_000003	bee39727-9846-4530-87a5-426ac1bcb16f	Flake	ff6e677f-91dd-4986-a174-8db0474b1799	Jack Johnson	11	0.0014175257731958762	0
user_000003	180bad2c-0119-4fb0-9686-81d782e07e54	Effect And Cause	11ae9fbb-f3d7-4a47-936f-4c0a04d3b3b5	The White Stripes	11	0.0014175257731958762	0
user_000003	15e52a49-d17f-4031-9257-cd84ac11f84d	Score From Augusta	e9aca1a3-836a-4e5e-b8d4-56d20c60af5f	Beulah	11	0.0014175257731958762	0
user_000003	df7cd9af-f9d6-41ff-92ac-36a9afa91172	Beware The Jubjub Bird And Shun The Frumious Bandersnatch	f988a2d6-0785-4b64-aa14-00171dc9d7fd	Forgive Durden	11	0.0014175257731958762	0
user_000003	42d3b4d3-e448-4a90-a5d1-c8ed8372e049	Down, Down, Down	d94403dd-0446-4b6b-a47c-340b03365390	The Expendables	11	0.0014175257731958762	0
user_000003	c668cf2f-acef-4dc7-a2fa-eb406740d6cb	Warmer	e9aca1a3-836a-4e5e-b8d4-56d20c60af5f	Beulah	11	0.0014175257731958762	0
user_000003	fe311316-e5b3-4794-854f-f06ac9f2f158	Sunday Under Glass	e9aca1a3-836a-4e5e-b8d4-56d20c60af5f	Beulah	11	0.0014175257731958762	0
user_000003	f4f3ce33-4268-4a22-b756-b0d83df04eff	Coffin Text	846cdb90-81a6-4c05-a7dc-9dd075f0db9e	Unwritten Law	11	0.0014175257731958762	0
user_000003	fe2d4d44-dd62-4d8b-b76c-5d6ec3d1d9b9	Self Righteous	92a42e82-b36f-4308-82c1-68bad2e03c89	Third Eye Blind	11	0.0014175257731958762	0
user_000003	b366f829-202b-429c-9e9c-7d2787b30549	The Prime Time Of Your Life	056e4f3e-d505-4dad-8ec1-d04f521cbb56	Daft Punk	11	0.0014175257731958762	0
user_000003	9255a11c-3625-48a7-a655-18ff0e0d6bc5	Me And Jesus Don'T Talk Anymore	e9aca1a3-836a-4e5e-b8d4-56d20c60af5f	Beulah	11	0.0014175257731958762	0
user_000003	d59b66b4-165e-445d-8be0-ac789ec459ce	Girl/Boy Song	f22942a1-6f70-4f48-866e-238cb2308fbd	Aphex Twin	11	0.0014175257731958762	0
user_000003	229ab686-bb2a-4f4e-b730-1b6d082976d3	Pin Your Wings	17be38e7-97bf-4ead-8432-ba05455b3860	Copeland	11	0.0014175257731958762	0
user_000003	fd5bec48-e3bf-43ff-b5a5-de2bc4fa55f1	Rust With Me	e9aca1a3-836a-4e5e-b8d4-56d20c60af5f	Beulah	11	0.0014175257731958762	0
user_000003	04246cb0-62ff-47c9-b517-584405f4d085	Fair	848a122b-9dcc-4ff7-91b8-e4f37b8f1147	Remy Zero	11	0.0014175257731958762	0
user_000003	8b9030b3-c51f-4ecd-90af-31c8074afc92	I Want You	92a42e82-b36f-4308-82c1-68bad2e03c89	Third Eye Blind	11	0.0014175257731958762	0
user_000003	b6df1029-f874-42d2-bc0a-2fd9f0ff5957	Conquest	11ae9fbb-f3d7-4a47-936f-4c0a04d3b3b5	The White Stripes	11	0.0014175257731958762	0
user_000003	45542b81-57c4-4140-a009-f84e0cbe2df0	Empty Streets (Haji & Emanuel Remix)	c0766f2c-6197-4852-9f47-9dfd71923afa	Late Night Alumni	11	0.0014175257731958762	0
user_000003	77c78d6a-4182-4e97-a367-a03cd375ca77	Date Rape	95f5b748-d370-47fe-85bd-0af2dc450bc0	Sublime	11	0.0014175257731958762	0
user_000003	b686f02f-aa56-4cb1-94ea-8466b16e0993	Hyacinth House	9efff43b-3b29-4082-824e-bc82f646f93d	The Doors	11	0.0014175257731958762	0
user_000003	75581e1b-ee38-4b7f-bc4e-4d6628214693	Strange Brew	04cd0cfd-bfd1-4c36-bc38-95c35e2c045f	Cream	11	0.0014175257731958762	0
user_000003	061bedf4-7d94-45c4-b95b-dbd9cb19deaf	Matter Vs. Space	e9aca1a3-836a-4e5e-b8d4-56d20c60af5f	Beulah	11	0.0014175257731958762	0
user_000003	660d2d38-f9da-413a-b9ec-a599a93b6665	Hovering	e9aca1a3-836a-4e5e-b8d4-56d20c60af5f	Beulah	11	0.0014175257731958762	0
user_000003	2a4a0a94-55bb-4e2e-900b-d182c215cca8	Guns And Cigarettes	ef954679-5ee7-4016-acef-7ac71f2fa3d8	Atmosphere	11	0.0014175257731958762	0
user_000003	901e8dd7-3859-4243-a999-c7bc359c9984	Supersonic	39ab1aed-75e0-4140-bd47-540276886b60	Oasis	11	0.0014175257731958762	0
user_000003	45cdcdb1-fd55-44ba-94ca-81fa3b586860	You Don'T Feel Like Home To Me	0ad7bbcd-6e77-4dc0-bb61-e331c46f70ec	The Good Life	11	0.0014175257731958762	0
user_000003	34b7b32f-e502-476d-a181-c9bb54f83307	Comrade'S Twenty Sixth	e9aca1a3-836a-4e5e-b8d4-56d20c60af5f	Beulah	11	0.0014175257731958762	0
user_000003	fe2cb5e4-7c4f-42f0-b560-e1c5832909c7	Harmonic	846cdb90-81a6-4c05-a7dc-9dd075f0db9e	Unwritten Law	11	0.0014175257731958762	0
user_000003	37ce7e1b-fd17-4e14-bb60-1ad7da1b30c5	Sunken Treasure	e9aca1a3-836a-4e5e-b8d4-56d20c60af5f	Beulah	11	0.0014175257731958762	0
user_000003	530d1ffe-9e54-47bc-91c5-82699cb0da85	Dynamic Symmetry	88e2147d-0332-46f6-85b2-b5f463ba957b	Bt	11	0.0014175257731958762	0
user_000003	93087cfd-9bf1-4c50-a43b-1aba1e47109e	Teenage Suicide	846cdb90-81a6-4c05-a7dc-9dd075f0db9e	Unwritten Law	11	0.0014175257731958762	0
user_000003	895b02fc-225c-40f6-9138-8b8c9d6a12f5	The Woman With The Tattooed Hands	ef954679-5ee7-4016-acef-7ac71f2fa3d8	Atmosphere	11	0.0014175257731958762	0
user_000003	4860bff6-b4ca-41b8-9831-bc95ffa9046f	Landslide Baby	e9aca1a3-836a-4e5e-b8d4-56d20c60af5f	Beulah	11	0.0014175257731958762	0
user_000003	bc5f6cb1-e44b-46d2-ab47-84804bf0d1c2	The Nephilim	1c3919b2-43ca-4a4a-935d-9d50135ec0ef	Afi	11	0.0014175257731958762	0
user_000003	1efdce86-66ef-4452-aa6f-cec03ba69879	Roadhouse Blues (Live)	9efff43b-3b29-4082-824e-bc82f646f93d	The Doors	11	0.0014175257731958762	0
user_000003	10d14ace-0943-4017-9c47-299df8153c57	Moonlight'S Shadow	6ce9aa3b-a58b-40dc-94f5-954da0a279d1	Dj Mystik	11	0.0014175257731958762	0
user_000003	4cddf92a-e080-43d5-8566-3c549ad5ee12	New Millennium Homes	3798b104-01cb-484c-a3b0-56adc6399b80	Rage Against The Machine	11	0.0014175257731958762	0
user_000003	10ad81e5-a4f3-4b3b-9e00-b5f7e459310e	Sentencing	76b4331b-278c-45ce-b32c-415fcf6a3568	Boys Night Out	11	0.0014175257731958762	0
user_000003	4d7b8fcb-fafc-4416-9170-752f12e10a2e	Optimistic	a74b1b7f-71a5-4011-9441-d0b5e4122711	Radiohead	11	0.0014175257731958762	0
user_000003	fe85d66d-a673-4694-9919-1340ff1aec41	You Know Who	f7ba7fbe-c6bd-4ac0-bee9-c25c558d7d62	T.I.	11	0.0014175257731958762	0
user_000003	e94c78e0-77f4-488b-a0ff-cde1d4237bad	Guerilla Radio	3798b104-01cb-484c-a3b0-56adc6399b80	Rage Against The Machine	11	0.0014175257731958762	0
user_000003	97336a59-1199-4c53-aee5-e136828fa3d9	Bittersweet Symphony	39ab1aed-75e0-4140-bd47-540276886b60	Oasis	10	0.001288659793814433	0
user_000003	fb1691a6-9f61-46a7-ae81-4f45881bd4a8	Crystal Baller	92a42e82-b36f-4308-82c1-68bad2e03c89	Third Eye Blind	10	0.001288659793814433	0
user_000003	a81cef97-c641-419b-9282-00594f61d3af	War Within A Breath	3798b104-01cb-484c-a3b0-56adc6399b80	Rage Against The Machine	10	0.001288659793814433	0
user_000003	fa3f6d89-d72a-4448-b076-cfc36715778d	Kiss And Control	1c3919b2-43ca-4a4a-935d-9d50135ec0ef	Afi	10	0.001288659793814433	0
user_000003	a7b9f1a5-f0f3-4cc7-bf93-c9f4dbd8cbfd	Bone Broke	11ae9fbb-f3d7-4a47-936f-4c0a04d3b3b5	The White Stripes	10	0.001288659793814433	0
user_000003	541a6f1e-3d64-42f4-b871-4f75b59cdb74	Born As Ghosts	3798b104-01cb-484c-a3b0-56adc6399b80	Rage Against The Machine	10	0.001288659793814433	0
user_000003	819230cd-cf98-46d8-95dd-403efed10285	Don'T Forget To Breathe	e9aca1a3-836a-4e5e-b8d4-56d20c60af5f	Beulah	10	0.001288659793814433	0
user_000003	804e10bd-8574-468c-a9fe-44bac983c016	O Green World	e21857d5-3256-4547-afb3-4b6ded592596	Gorillaz	10	0.001288659793814433	0
user_000003	54214d63-5adf-4909-87cd-c65c37a6d558	Same In The End	95f5b748-d370-47fe-85bd-0af2dc450bc0	Sublime	10	0.001288659793814433	0
user_000003	7756e575-1d01-4686-98be-d9f290ebaa0b	Sitting On The Curb	04f8dad4-de2d-4e98-8837-6a55075a9847	Pepper	10	0.001288659793814433	0
user_000003	93ae9ccb-9898-41c3-be6e-74236de40685	I Am The Walrus	b10bbbfc-cf9e-42e0-be17-e2c3e1d2600d	The Beatles	10	0.001288659793814433	0
user_000003	54317886-622f-4466-a330-9ad97ba53a00	Stationary Stationery	c648509e-9916-4c56-ab63-652a03da16dd	Anberlin	10	0.001288659793814433	0
user_000003	fd0b4338-fad9-433c-86c8-2c36e6f5b4ae	The Leaving Song, Part 2	1c3919b2-43ca-4a4a-935d-9d50135ec0ef	Afi	10	0.001288659793814433	0
user_000003	9ffb5769-6a5e-4e5a-b761-ce0b463558ea	The Great Affair Is To Move	f988a2d6-0785-4b64-aa14-00171dc9d7fd	Forgive Durden	10	0.001288659793814433	0
user_000003	a9cd2748-9c12-4138-a8f6-ac038d45b210	Waiting For The Sun	9efff43b-3b29-4082-824e-bc82f646f93d	The Doors	10	0.001288659793814433	0
user_000003	8282da0b-7552-40ca-a802-17db58263471	Hey Brother	e9aca1a3-836a-4e5e-b8d4-56d20c60af5f	Beulah	10	0.001288659793814433	0
user_000003	03fa8700-4c96-4f44-a361-0ebe29998d67	The Accident Underwater	564fc407-34d2-400b-8d14-53535054d394	Northstar	10	0.001288659793814433	0
user_000003	a987279a-93f4-494c-a122-f47d74dd614b	Ante Up (Explicit)	dbe35fab-1b3a-469b-87f0-6a54ef8de3c4	M.O.P.	10	0.001288659793814433	0
user_000003	af1cbb70-c462-4fa8-8cd2-d9829a9ce1ce	Moonlight Shadow	8eeecca3-3e44-4311-93e5-e67decfafc06	Groove Coverage	10	0.001288659793814433	0
user_000003	d7dfebf2-522a-4f6f-b0a7-d60868a309fb	Voice Of The Voiceless	3798b104-01cb-484c-a3b0-56adc6399b80	Rage Against The Machine	10	0.001288659793814433	0
user_000003	c35ca8e6-8ef5-49a5-b161-9a938b8d87bf	All Points North	e9aca1a3-836a-4e5e-b8d4-56d20c60af5f	Beulah	10	0.001288659793814433	0
user_000003	d463fec9-426f-4cfd-b96a-b6e2387ef0a8	Genetic World	265f242e-cf4e-4fbe-a3fe-43112387172f	Télépopmusik	10	0.001288659793814433	0
user_000003	f0e4685d-57ab-40f8-aed9-50d61f644983	Silverscreen	b004d3c7-5402-4034-be67-13eeccc7b1af	Felix Da Housecat	10	0.001288659793814433	0
user_000003	c1b2cea4-b493-4768-acf5-6948a4fe522b	Dare	e21857d5-3256-4547-afb3-4b6ded592596	Gorillaz	10	0.001288659793814433	0
user_000003	31c89fdc-afdb-4d84-bc61-2dbabf0b4f23	Treefingers	a74b1b7f-71a5-4011-9441-d0b5e4122711	Radiohead	10	0.001288659793814433	0
user_000003	4b2c5b58-ae83-45d7-8368-bfdc65fddf41	Torture Me	4449ccf6-c948-4d33-aa97-b6ad98ce4b5b	Metric	10	0.001288659793814433	0
user_000003	0852f01a-1832-453d-ae8e-345499ecc027	Kid A	a74b1b7f-71a5-4011-9441-d0b5e4122711	Radiohead	10	0.001288659793814433	0
user_000003	c7bd8ff1-9e4e-4980-988f-1a489f60475e	Punk	e21857d5-3256-4547-afb3-4b6ded592596	Gorillaz	10	0.001288659793814433	0
user_000003	6a2a6e54-2605-4f1d-8c96-cf897d9a26b7	Ashes In The Fall	3798b104-01cb-484c-a3b0-56adc6399b80	Rage Against The Machine	10	0.001288659793814433	0
user_000003	9ec575df-7292-46eb-a0f8-520b149618d0	Bucci Bag (Doria Dub Mix)	2fa27deb-ae3c-44b8-a8c8-d55cf7b4e254	Andrea Doria	10	0.001288659793814433	0
user_000003	ef0840a9-2411-4705-8b42-a21a1277a19f	Speak Slow	d13f0f47-36f9-4661-87fe-2de56f45c649	Tegan And Sara	10	0.001288659793814433	0
user_000003	f454c8b3-3f24-4564-82ee-62b650ea35c8	The Killing Lights	1c3919b2-43ca-4a4a-935d-9d50135ec0ef	Afi	10	0.001288659793814433	0
user_000003	c9bd147b-2961-432e-8c06-a885c9dc684b	The Spy	9efff43b-3b29-4082-824e-bc82f646f93d	The Doors	10	0.001288659793814433	0
user_000003	da170947-6638-4d3e-8ed9-28549ee3885b	The Background	92a42e82-b36f-4308-82c1-68bad2e03c89	Third Eye Blind	10	0.001288659793814433	0
user_000003	1fb1ff5a-7d28-489e-847b-e7a183bea10b	It'S Good To Be Free	39ab1aed-75e0-4140-bd47-540276886b60	Oasis	10	0.001288659793814433	0
user_000003	f263b952-a775-4723-afaa-69d725432074	Ayla (Dj Tandu Remix)	600b1218-08a4-421b-9f9d-a534eba88512	Ayla	10	0.001288659793814433	0
user_000003	6c8c77f3-5d3d-48d7-ac78-6fd2c0e24896	Good For You	92a42e82-b36f-4308-82c1-68bad2e03c89	Third Eye Blind	10	0.001288659793814433	0
user_000003	a252705e-7c52-439a-8750-5bafdf6996cd	Clint Eastwood	e21857d5-3256-4547-afb3-4b6ded592596	Gorillaz	10	0.001288659793814433	0
user_000003	59250f40-0a17-4b0f-8a7b-387db10be77d	The Conductor (Thin White Duke Remix)	a1419808-65d3-4d40-998c-1a0bac65eabc	The Faint	10	0.001288659793814433	0
user_000003	15adbe4a-045d-408c-b227-d91d9baebb6d	Initiation	1c3919b2-43ca-4a4a-935d-9d50135ec0ef	Afi	10	0.001288659793814433	0
user_000003	2b8aca60-7bbd-41a3-a173-6952e9cb71db	Top Back	f7ba7fbe-c6bd-4ac0-bee9-c25c558d7d62	T.I.	10	0.001288659793814433	0
user_000003	229d054c-b584-47ce-8f82-a251a231d473	I'Ve Been Broken (I'Ve Been Fixed)	e9aca1a3-836a-4e5e-b8d4-56d20c60af5f	Beulah	10	0.001288659793814433	0
user_000003	ab6b0432-2f66-4966-a916-7f04e7e8d58e	Wake For Young Souls	92a42e82-b36f-4308-82c1-68bad2e03c89	Third Eye Blind	10	0.001288659793814433	0
user_000003	749fc8be-372f-425d-a3cb-81fe73a4e2f8	De La Bass (Mousse T'S Defmix)	f03e025a-eb8f-43b9-aa66-3104321f2821	Raw Instinct	10	0.001288659793814433	0
user_000003	6ea9365c-ac7f-469d-b01c-815f88dac6ad	Palm Reader	92a42e82-b36f-4308-82c1-68bad2e03c89	Third Eye Blind	10	0.001288659793814433	0
user_000003	3f2743f5-9e4b-436a-9188-05f31c8c15be	Swampy	d94403dd-0446-4b6b-a47c-340b03365390	The Expendables	10	0.001288659793814433	0
user_000003	50a4adb9-67ca-4c8c-ae81-5111cb4dd698	Communication	477b8c0c-c5fc-4ad2-b5b2-191f0bf2a9df	Armin Van Buuren	10	0.001288659793814433	0
user_000003	0978ba8b-5c90-4db1-b7a2-ead2704f2e50	Shotgun Dedication	e9aca1a3-836a-4e5e-b8d4-56d20c60af5f	Beulah	10	0.001288659793814433	0
user_000003	ccad68b7-c5ad-4f29-b169-2531fbf53f63	How To Disappear Completely	a74b1b7f-71a5-4011-9441-d0b5e4122711	Radiohead	10	0.001288659793814433	0
user_000003	50428db2-86fc-4c13-926e-0c9de5729a69	Life In The Fast Lane	f46bd570-5768-462e-b84c-c7c993bbf47e	Eagles	10	0.001288659793814433	0
user_000003	6296e7f5-f8d1-4312-8675-b6df8290e7f9	Harder Better Faster Stronger	056e4f3e-d505-4dad-8ec1-d04f521cbb56	Daft Punk	10	0.001288659793814433	0
user_000003	2ae925ca-9c4b-4c8e-814c-5925b6409a6a	19-2000 (The Wiseguys House Of Wisdom Remix)	e21857d5-3256-4547-afb3-4b6ded592596	Gorillaz	10	0.001288659793814433	0
user_000003	6e38b438-a7ae-4eab-9a81-0fa58a090108	Burning Man	92a42e82-b36f-4308-82c1-68bad2e03c89	Third Eye Blind	10	0.001288659793814433	0
user_000003	7a24eee9-bfac-47c7-be75-d6704ffe0fbc	A Day Late	c648509e-9916-4c56-ab63-652a03da16dd	Anberlin	10	0.001288659793814433	0
user_000003	a5f2c36a-b4e1-40b4-9597-06459e909b32	Album Of The Year	0ad7bbcd-6e77-4dc0-bb61-e331c46f70ec	The Good Life	10	0.001288659793814433	0
user_000003	e0b8d5eb-d787-4fcc-a4ac-dc6510e37ab1	Let The Game Begin	26c3bb94-952e-4ff3-ad5a-704ee9137700	Matthew Dekay Vs. Proluctors	9	0.0011597938144329895	0
user_000003	455da3d6-70ae-48d5-a9ba-680a20010e7d	I Was A Kaleidoscope	0039c7ae-e1a7-4a7d-9b49-0cbc716821a6	Death Cab For Cutie	9	0.0011597938144329895	0
user_000003	e955d818-82db-4f42-a7c3-b1e5bd0b35b2	What Sarah Said	0039c7ae-e1a7-4a7d-9b49-0cbc716821a6	Death Cab For Cutie	9	0.0011597938144329895	0
user_000003	273a251c-51f2-49c4-9a21-f97eb18282e0	Satellites (Extended Mix)	f97b55a8-7d03-4ebe-a277-a9cadc2a9f86	September	9	0.0011597938144329895	0
user_000003	1eaf528a-9695-41ae-b6d6-a1598ac47873	Bullets	919ccb96-12da-48f5-bd91-ec410d956048	Augustana	9	0.0011597938144329895	0
user_000003	cda32217-2ba2-4bb6-a128-fbeeedf81bcc	Medicating	76b4331b-278c-45ce-b32c-415fcf6a3568	Boys Night Out	9	0.0011597938144329895	0
user_000003	1f7b45ca-4c96-4425-8d37-1f305ddb88dd	Let'S Boogaloo	6d1d1fca-3f97-4919-970d-9089aa830aa3	Willie Rosario	9	0.0011597938144329895	0
user_000003	e7b82030-adb2-4534-9992-5ae822dc1d23	Your Algebra	6c8b9855-ba8b-48f9-ac1d-42167f7f7b18	The Shins	9	0.0011597938144329895	0
user_000003	a3d90840-5ffa-4c35-868c-fb4602fb4e7a	Folsom Prison Blues	d43d12a1-2dc9-4257-a2fd-0a3bb1081b86	Johnny Cash	9	0.0011597938144329895	0
user_000003	4533094b-ec3a-492c-a828-3995fda62f6a	Long Tall Sally	09eeeefd-96ad-489b-a5d9-4fbfc40de5ef	Cactus	9	0.0011597938144329895	0
user_000003	2e08888d-c2ef-43a1-af75-5638bac0f10c	L'America	9efff43b-3b29-4082-824e-bc82f646f93d	The Doors	9	0.0011597938144329895	0
user_000003	21592265-3700-4518-afff-d368c0b7f21c	The Internal Locus	88e2147d-0332-46f6-85b2-b5f463ba957b	Bt	9	0.0011597938144329895	0
user_000003	2b7aaf14-e362-48bf-b419-0250454e4c70	Caring Is Creepy	6c8b9855-ba8b-48f9-ac1d-42167f7f7b18	The Shins	9	0.0011597938144329895	0
user_000003	9d52d52e-0998-4689-b15f-e55ff3c5e17c	Living On Video	c004177d-8ed3-40b6-b46a-2dbd32077a26	Pakito	9	0.0011597938144329895	0
user_000003	e29832c1-e083-4482-957a-84888e7a6dd7	Burned With Desire (Rising Star Remix)	477b8c0c-c5fc-4ad2-b5b2-191f0bf2a9df	Armin Van Buuren	9	0.0011597938144329895	0
user_000003	b9e8436a-ef5d-4949-af67-f95ce1667f50	I Walk The Line	d43d12a1-2dc9-4257-a2fd-0a3bb1081b86	Johnny Cash	9	0.0011597938144329895	0
user_000003	ef5190a2-f724-479f-a604-0e958008701c	November Has Come	e21857d5-3256-4547-afb3-4b6ded592596	Gorillaz	9	0.0011597938144329895	0
user_000003	c9685c81-b0ce-4603-9e2a-2adf960897a0	Trap Star	dcad99e7-3c3e-4c78-bf8a-68203e17da48	Young Jeezy	9	0.0011597938144329895	0
user_000003	3ee333e7-9fb0-45e3-b6f8-e229843b4269	Great Romances Of The 20Th Century	350bce49-c21b-4137-b50a-0766ded07e4d	Taking Back Sunday	9	0.0011597938144329895	0
user_000003	41805805-5f73-4049-98cc-98dbbe5bea00	Cute Without The 'E' (Cut From The Team)	350bce49-c21b-4137-b50a-0766ded07e4d	Taking Back Sunday	9	0.0011597938144329895	0
user_000003	872b3066-7e2f-495b-910f-8220955a6974	Ego	ad92dd9c-56ef-4443-b2c0-ff2f7d9cca49	The Sounds	9	0.0011597938144329895	0
user_000003	9725ae1f-309d-4cfa-bda4-c068ab739828	The Lost Souls	1c3919b2-43ca-4a4a-935d-9d50135ec0ef	Afi	9	0.0011597938144329895	0
user_000003	417f494b-f7dc-432f-a21e-9b07bbb4654a	April 29, 1992 (Miami)	95f5b748-d370-47fe-85bd-0af2dc450bc0	Sublime	9	0.0011597938144329895	0
user_000003	8e796fcf-1e35-4c3e-8a86-3da751d46e88	Do You Know	de69b501-2f60-4893-aca0-f1a6766b7fc6	Angel City	9	0.0011597938144329895	0
user_000003	db51b3de-a2f6-4755-b29b-c5325336692a	St. Andrew (This Battle Is In The Air)	11ae9fbb-f3d7-4a47-936f-4c0a04d3b3b5	The White Stripes	9	0.0011597938144329895	0
user_000003	1302c0f4-ccda-43e8-a995-14573044956e	Walking In L.A.	98eb6868-9f31-400e-90d8-9a46380c1bdd	Missing Persons	9	0.0011597938144329895	0
user_000003	f2782bcb-b9ea-43f2-baae-18659b1bd2ae	Gypsy	9a709693-b4f8-4da9-8cc1-038c911a61be	Bonobo	9	0.0011597938144329895	0
user_000003	b5900e62-7d8a-4094-84d8-9a2f6b9250ac	Son Of A Preacher Man	b896aa8c-2761-40ce-b485-0e1fffd26167	Dusty Springfield	9	0.0011597938144329895	0
user_000003	8dc35bba-bcfd-4334-9b92-6d884357d282	Little Cream Soda	11ae9fbb-f3d7-4a47-936f-4c0a04d3b3b5	The White Stripes	9	0.0011597938144329895	0
user_000003	f28c318e-ae41-4585-b676-cb0e492081cb	Every Single Day	52fb411d-5884-497e-9cc1-1e0eb3cfcb01	Benassi Bros.	9	0.0011597938144329895	0
user_000003	b58c257f-d2ec-408a-af39-585a4d2f4a3d	Hold Fast Hope	244afcb7-fa9a-49b1-9aa6-0149512d1c52	Thrice	9	0.0011597938144329895	0
user_000003	8d8c28b6-f3b5-4f21-b2b6-e5410d070274	Divine Intervention	350bce49-c21b-4137-b50a-0766ded07e4d	Taking Back Sunday	9	0.0011597938144329895	0
user_000003	58b65662-aeb9-4ea4-94a1-8793fdc2ac8d	Breakin' Up	2e41ae9c-afd2-4f20-8f1e-17281ce9b472	Gwen Stefani	9	0.0011597938144329895	0
user_000003	09c73cb4-0b7a-4e28-aa85-7ab6d7a97e95	Soundtrack For Our Movie	6eea322e-ab09-451f-818b-a1348ce14b91	Mae	9	0.0011597938144329895	0
user_000003	50509cfe-d711-49ff-bf7a-d673fc8e67cd	Blend Forty 3 (Luke Chable & Steve May Remix)	f9d2094b-ef11-4d46-b8ff-6627cd94e02b	Steve May	9	0.0011597938144329895	0
user_000003	c8853d84-836b-4abb-8e89-ad22875939be	Cigarettes And Alcohol	39ab1aed-75e0-4140-bd47-540276886b60	Oasis	9	0.0011597938144329895	0
user_000003	60795d3c-b0e4-4b55-ba5b-4cd990d54477	The Despair Factor	1c3919b2-43ca-4a4a-935d-9d50135ec0ef	Afi	9	0.0011597938144329895	0
user_000003	c7492f6e-adf3-4ff5-85dc-33d527dc81d8	The National Anthem	a74b1b7f-71a5-4011-9441-d0b5e4122711	Radiohead	9	0.0011597938144329895	0
user_000003	9c012a8b-34a1-408e-9b5c-f085486b476e	The Wasp (Texas Radio And The Big Beat)	9efff43b-3b29-4082-824e-bc82f646f93d	The Doors	9	0.0011597938144329895	0
user_000003	0f3aa1f5-c440-4047-8600-48ee0920ae6b	My Name Is Trouble	32efc6ae-edf6-4fd1-b268-226073db9a36	Nightmare Of You	9	0.0011597938144329895	0
user_000003	0c2401a2-2ae5-420e-a40f-9ef9ad53456a	Dragostea Din Teï (Original Italian Version)	5cb608ea-bd36-4a33-b9a5-822c7fc4194d	O-Zone	9	0.0011597938144329895	0
user_000003	4e17b118-70a6-4c1f-b326-b4ce91fd3fad	Soul Meets Body	0039c7ae-e1a7-4a7d-9b49-0cbc716821a6	Death Cab For Cutie	9	0.0011597938144329895	0
user_000003	f514b546-9012-4c89-8a1c-cd41f516ae94	The Way I Are	daa09819-5da5-4c7a-8bef-eb372bb27ff1	Timbaland	9	0.0011597938144329895	0
user_000003	da03070e-fb17-4b4f-a792-e7db158897ae	Worst Comes To Worst	c71abd83-9d66-4c7b-9f0d-c9c36e85a955	Dilated Peoples	9	0.0011597938144329895	0
user_000003	40017c09-4c5c-46df-9149-2bb49c4c2be2	Still Of The Night	5dedf5cf-a598-4408-9556-3bf3f149f3ba	Whitesnake	9	0.0011597938144329895	0
user_000003	3928a9b7-85e1-4015-ad05-7cb988c8c1bb	Hang On To Your Life	4c567499-3a26-40e3-9471-20feb6c73767	The Guess Who	9	0.0011597938144329895	0
user_000003	c0c7ac89-0a3f-4757-9f0f-cd44dfbd7857	Hands Up	d5be5333-4171-427e-8e12-732087c6b78e	The Black Eyed Peas	9	0.0011597938144329895	0
user_000003	c313005a-505c-40ec-b863-eed8924eccb3	Dance, Dance Christa Päffgen	c648509e-9916-4c56-ab63-652a03da16dd	Anberlin	9	0.0011597938144329895	0
user_000003	2fcd458e-9cde-4dbd-8902-11e9a2a9bb54	Can'T Get Away	92a42e82-b36f-4308-82c1-68bad2e03c89	Third Eye Blind	9	0.0011597938144329895	0
user_000003	17a923bc-4131-4448-a993-b17892660a30	Children In Heat	936addc3-91aa-49de-8ec0-0dc186de151f	Misfits	9	0.0011597938144329895	0
user_000003	1a4745d5-6dbe-4d5d-b16d-ac9b6b174bee	Fairytale Gone Bad (Instrumental Version)	fa57d5dc-bcfa-40ea-9638-3d3cd89d1258	Sunrise Avenue	9	0.0011597938144329895	0
user_000003	908af1de-35f5-4a78-8eb0-2e296a86c5ae	Free	05755bf1-380c-487f-983f-d1a02401fa28	Cat Power	9	0.0011597938144329895	0
user_000003	c2c5dcf9-86ce-4b4e-b40f-6be0fdd21f36	Spin	350bce49-c21b-4137-b50a-0766ded07e4d	Taking Back Sunday	9	0.0011597938144329895	0
user_000003	172274be-8af6-4ab9-8d7f-d3c15224e4d0	Man Research (Clapper)	e21857d5-3256-4547-afb3-4b6ded592596	Gorillaz	9	0.0011597938144329895	0
user_000003	82f8a6c1-21b1-4aec-96ed-d76a473b38c6	Make Love	056e4f3e-d505-4dad-8ec1-d04f521cbb56	Daft Punk	9	0.0011597938144329895	0
user_000003	01d33419-1f54-45e5-8587-81c9a35ca805	Rocket In The Sky (Dub)	52fb411d-5884-497e-9cc1-1e0eb3cfcb01	Benassi Bros.	9	0.0011597938144329895	0
user_000003	c2ae0603-4493-46d2-9776-c23f07dd6bc7	Zdarlight	7b52603c-a84c-4a76-8dc8-899bb4dd9fa7	Digitalism	9	0.0011597938144329895	0
user_000003	64fd07f9-1da4-401c-87fc-9b21faaac63c	Agenda Suicide (Jagz Kooner Remix)	a1419808-65d3-4d40-998c-1a0bac65eabc	The Faint	9	0.0011597938144329895	0
user_000003	7544eae0-24c7-42cd-b401-eea02b385cf4	Forget Myself	92a42e82-b36f-4308-82c1-68bad2e03c89	Third Eye Blind	8	0.0010309278350515462	0
user_000003	b52f476d-cf58-41aa-92f3-a9fc27d75003	Been Down So Long	9efff43b-3b29-4082-824e-bc82f646f93d	The Doors	8	0.0010309278350515462	0
user_000003	8c4c2bd9-f470-409b-bb5c-924b0bc3f276	Lyla	39ab1aed-75e0-4140-bd47-540276886b60	Oasis	8	0.0010309278350515462	0
user_000003	4fe04c9b-dd32-4ef6-8b3d-c52cce245c0b	Middle Man	ff6e677f-91dd-4986-a174-8db0474b1799	Jack Johnson	8	0.0010309278350515462	0
user_000003	b88df68c-d1c3-4b4f-ad1c-e6dbdc1f6af5	...But Home Is Nowhere	1c3919b2-43ca-4a4a-935d-9d50135ec0ef	Afi	8	0.0010309278350515462	0
user_000003	f71f4835-b8f2-4660-8b1e-5ed3d0cb579e	This Celluloid Dream	1c3919b2-43ca-4a4a-935d-9d50135ec0ef	Afi	8	0.0010309278350515462	0
user_000003	4ff3fd75-66f8-43e8-8475-2a6da89aa8f4	Sunrise	de69b501-2f60-4893-aca0-f1a6766b7fc6	Angel City	8	0.0010309278350515462	0
user_000003	36d69cb1-93da-463b-82bc-3e7c9774595f	One-Eighty By Summer	350bce49-c21b-4137-b50a-0766ded07e4d	Taking Back Sunday	8	0.0010309278350515462	0
user_000003	c13b5fe9-3bcb-436e-b6de-07e29b0b22fc	Times Like These	ff6e677f-91dd-4986-a174-8db0474b1799	Jack Johnson	8	0.0010309278350515462	0
user_000003	fb751a1b-4fde-4cf3-bf4c-6cf7f8bcd599	Technologic (Vitalic Remix)	056e4f3e-d505-4dad-8ec1-d04f521cbb56	Daft Punk	8	0.0010309278350515462	0
user_000003	63026c60-e046-42a6-98ab-0ec96d1a99c2	What I Got (Reprise)	95f5b748-d370-47fe-85bd-0af2dc450bc0	Sublime	8	0.0010309278350515462	0
user_000003	360303db-b814-4c0b-b29c-e267208a2a78	Double Bass	e21857d5-3256-4547-afb3-4b6ded592596	Gorillaz	8	0.0010309278350515462	0
user_000003	76ba666f-40ff-47d8-970f-6b3f2b63a271	Bang The Doldrums	516cef4d-0718-4007-9939-f9b38af3f784	Fall Out Boy	8	0.0010309278350515462	0
